ZAMAN,KAYNAK,ANA_0_DURUM,ANA_1_IRT,ANA_2_HIZ,ANA_3_SIC,ANA_4,ANA_5_EN,ANA_6_BOY,ANA_7_PITCH,ANA_8_ROLL,ANA_9_YAW,ANA_10_BASMS,ANA_11_BASBMP,ANA_12_BASTOP,ANA_13,ANA_14,ANA_15,ANA_16,ANA_17,ANA_18,ANA_19,ANA_20_IVMEX,ANA_21_IVMEY,ANA_22_IVMEZ,ANA_23,ANA_24,ANA_25,ANA_26,GOREV_0_FILTREX,GOREV_1_FILTREY,GOREV_2_FILTREZ,GOREV_3_HAM_IVMEX,GOREV_4_HAM_IVMEY,GOREV_5_HAM_IVMEZ,GOREV_6_ENLEM,GOREV_7_BOYLAM,GOREV_8,GOREV_9
"01:18:36.036","GOREV","0","0","0","0","0","0","0","0","0","0","0","0","0","0","0","0","0","0","0","0","0","0","0","0","0","0","0","-0.04106154","-0.0182083","0.9555911","0","0","0","0","0","0","0"
"01:18:36.272","GOREV","0","0","0","0","0","0","0","0","0","0","0","0","0","0","0","0","0","0","0","0","0","0","0","0","0","0","0","-0.05418939","0.006127372","0.9324983","0","0","0","0","0","0","0"
"01:18:36.436","GOREV","0","0","0","0","0","0","0","0","0","0","0","0","0","0","0","0","0","0","0","0","0","0","0","0","0","0","0","0.04153759","-0.2944605","1.069944","0","0","0","0","0","0","0"
"01:18:36.634","GOREV","0","0","0","0","0","0","0","0","0","0","0","0","0","0","0","0","0","0","0","0","0","0","0","0","0","0","0","0.04470712","-0.7125812","1.32853","0","0","0","0","0","0","0"
"01:18:36.835","GOREV","0","0","0","0","0","0","0","0","0","0","0","0","0","0","0","0","0","0","0","0","0","0","0","0","0","0","0","-0.117361","-0.9584421","-1.149637","0","0","0","0","0","0","0"
"01:18:37.034","GOREV","0","0","0","0","0","0","0","0","0","0","0","0","0","0","0","0","0","0","0","0","0","0","0","0","0","0","0","-0.03770521","-0.8643837","-1.58028","0","0","0","0","0","0","0"
"01:18:37.232","GOREV","0","0","0","0","0","0","0","0","0","0","0","0","0","0","0","0","0","0","0","0","0","0","0","0","0","0","0","-0.1985674","-0.9592405","-1.341447","0","0","0","0","0","0","0"
"01:18:37.432","GOREV","0","0","0","0","0","0","0","0","0","0","0","0","0","0","0","0","0","0","0","0","0","0","0","0","0","0","0","-0.1569844","-0.822047","-1.369479","0","0","0","0","0","0","0"
"01:18:37.632","GOREV","0","0","0","0","0","0","0","0","0","0","0","0","0","0","0","0","0","0","0","0","0","0","0","0","0","0","0","-0.06810829","-0.9193265","-1.474933","0","0","0","0","0","0","0"
"01:18:37.831","GOREV","0","0","0","0","0","0","0","0","0","0","0","0","0","0","0","0","0","0","0","0","0","0","0","0","0","0","0","-0.1039565","-0.8404938","-1.738663","0","0","0","0","0","0","0"
"01:18:38.031","GOREV","0","0","0","0","0","0","0","0","0","0","0","0","0","0","0","0","0","0","0","0","0","0","0","0","0","0","0","-0.1548633","-0.844186","-1.68698","0","0","0","0","0","0","0"
"01:18:38.231","GOREV","0","0","0","0","0","0","0","0","0","0","0","0","0","0","0","0","0","0","0","0","0","0","0","0","0","0","0","0.2312856","-0.7452782","-1.283058","0","0","0","0","0","0","0"
"01:18:38.429","GOREV","0","0","0","0","0","0","0","0","0","0","0","0","0","0","0","0","0","0","0","0","0","0","0","0","0","0","0","0.1224224","-0.4858387","-1.035637","0","0","0","0","0","0","0"
"01:18:38.628","GOREV","0","0","0","0","0","0","0","0","0","0","0","0","0","0","0","0","0","0","0","0","0","0","0","0","0","0","0","0.3226774","-0.4507707","-1.15664","0","0","0","0","0","0","0"
"01:18:38.829","GOREV","0","0","0","0","0","0","0","0","0","0","0","0","0","0","0","0","0","0","0","0","0","0","0","0","0","0","0","0.2380596","-0.3670676","-1.114678","0","0","0","0","0","0","0"
"01:18:39.028","GOREV","0","0","0","0","0","0","0","0","0","0","0","0","0","0","0","0","0","0","0","0","0","0","0","0","0","0","0","0.2472628","-0.1762069","-0.9760816","0","0","0","0","0","0","0"
"01:18:39.276","GOREV","0","0","0","0","0","0","0","0","0","0","0","0","0","0","0","0","0","0","0","0","0","0","0","0","0","0","0","0.1356044","-0.1923026","-1.061207","0","0","0","0","0","0","0"
"01:18:39.476","GOREV","0","0","0","0","0","0","0","0","0","0","0","0","0","0","0","0","0","0","0","0","0","0","0","0","0","0","0","0.061987","-0.1808872","-1.024254","0","0","0","0","0","0","0"
"01:18:39.676","GOREV","0","0","0","0","0","0","0","0","0","0","0","0","0","0","0","0","0","0","0","0","0","0","0","0","0","0","0","0.03612325","-0.1725403","-1.017836","0","0","0","0","0","0","0"
"01:18:39.874","GOREV","0","0","0","0","0","0","0","0","0","0","0","0","0","0","0","0","0","0","0","0","0","0","0","0","0","0","0","0.07862977","-0.1597256","-1.117741","0","0","0","0","0","0","0"
"01:18:40.074","GOREV","0","0","0","0","0","0","0","0","0","0","0","0","0","0","0","0","0","0","0","0","0","0","0","0","0","0","0","-0.04818647","-0.1728816","-1.032529","0","0","0","0","0","0","0"
"01:18:40.274","GOREV","0","0","0","0","0","0","0","0","0","0","0","0","0","0","0","0","0","0","0","0","0","0","0","0","0","0","0","-0.03140341","-0.1589458","-1.0266","0","0","0","0","0","0","0"
"01:18:40.473","GOREV","0","0","0","0","0","0","0","0","0","0","0","0","0","0","0","0","0","0","0","0","0","0","0","0","0","0","0","-0.03256578","-0.1610624","-1.028836","0","0","0","0","0","0","0"
"01:18:40.673","GOREV","0","0","0","0","0","0","0","0","0","0","0","0","0","0","0","0","0","0","0","0","0","0","0","0","0","0","0","-0.03160364","-0.1614223","-1.024935","0","0","0","0","0","0","0"
"01:18:40.873","GOREV","0","0","0","0","0","0","0","0","0","0","0","0","0","0","0","0","0","0","0","0","0","0","0","0","0","0","0","-0.03204372","-0.1595148","-1.025146","0","0","0","0","0","0","0"
"01:18:41.072","GOREV","0","0","0","0","0","0","0","0","0","0","0","0","0","0","0","0","0","0","0","0","0","0","0","0","0","0","0","-0.03465056","-0.1590515","-1.025147","0","0","0","0","0","0","0"
"01:18:41.271","GOREV","0","0","0","0","0","0","0","0","0","0","0","0","0","0","0","0","0","0","0","0","0","0","0","0","0","0","0","-0.03141103","-0.1615331","-1.025637","0","0","0","0","0","0","0"
"01:18:41.470","GOREV","0","0","0","0","0","0","0","0","0","0","0","0","0","0","0","0","0","0","0","0","0","0","0","0","0","0","0","-0.03358003","-0.1605734","-1.025424","0","0","0","0","0","0","0"
"01:18:41.670","GOREV","0","0","0","0","0","0","0","0","0","0","0","0","0","0","0","0","0","0","0","0","0","0","0","0","0","0","0","-0.03582956","-0.1581184","-1.024546","0","0","0","0","0","0","0"
"01:18:41.869","GOREV","0","0","0","0","0","0","0","0","0","0","0","0","0","0","0","0","0","0","0","0","0","0","0","0","0","0","0","-0.03258476","-0.1612525","-1.023481","0","0","0","0","0","0","0"
"01:18:42.069","GOREV","0","0","0","0","0","0","0","0","0","0","0","0","0","0","0","0","0","0","0","0","0","0","0","0","0","0","0","-0.03335931","-0.1619458","-1.026403","0","0","0","0","0","0","0"
"01:18:42.269","GOREV","0","0","0","0","0","0","0","0","0","0","0","0","0","0","0","0","0","0","0","0","0","0","0","0","0","0","0","-0.03361953","-0.1590082","-1.02576","0","0","0","0","0","0","0"
"01:18:42.468","GOREV","0","0","0","0","0","0","0","0","0","0","0","0","0","0","0","0","0","0","0","0","0","0","0","0","0","0","0","-0.0333308","-0.1583903","-1.028986","0","0","0","0","0","0","0"
"01:18:42.668","GOREV","0","0","0","0","0","0","0","0","0","0","0","0","0","0","0","0","0","0","0","0","0","0","0","0","0","0","0","-0.03252363","-0.159877","-1.025256","0","0","0","0","0","0","0"
"01:18:42.868","GOREV","0","0","0","0","0","0","0","0","0","0","0","0","0","0","0","0","0","0","0","0","0","0","0","0","0","0","0","-0.03188277","-0.1591127","-1.025999","0","0","0","0","0","0","0"
"01:18:43.067","GOREV","0","0","0","0","0","0","0","0","0","0","0","0","0","0","0","0","0","0","0","0","0","0","0","0","0","0","0","-0.03420047","-0.1594259","-1.024415","0","0","0","0","0","0","0"
"01:18:43.266","GOREV","0","0","0","0","0","0","0","0","0","0","0","0","0","0","0","0","0","0","0","0","0","0","0","0","0","0","0","-0.03323625","-0.160272","-1.024766","0","0","0","0","0","0","0"
"01:18:43.465","GOREV","0","0","0","0","0","0","0","0","0","0","0","0","0","0","0","0","0","0","0","0","0","0","0","0","0","0","0","-0.03285126","-0.1595003","-1.023929","0","0","0","0","0","0","0"
"01:18:43.664","GOREV","0","0","0","0","0","0","0","0","0","0","0","0","0","0","0","0","0","0","0","0","0","0","0","0","0","0","0","-0.033669","-0.1586371","-1.026363","0","0","0","0","0","0","0"
"01:18:43.865","GOREV","0","0","0","0","0","0","0","0","0","0","0","0","0","0","0","0","0","0","0","0","0","0","0","0","0","0","0","-0.03166963","-0.1587516","-1.02661","0","0","0","0","0","0","0"
"01:18:44.063","GOREV","0","0","0","0","0","0","0","0","0","0","0","0","0","0","0","0","0","0","0","0","0","0","0","0","0","0","0","-0.03192148","-0.1599011","-1.025473","0","0","0","0","0","0","0"
"01:18:44.263","GOREV","0","0","0","0","0","0","0","0","0","0","0","0","0","0","0","0","0","0","0","0","0","0","0","0","0","0","0","-0.03367387","-0.1591","-1.027526","0","0","0","0","0","0","0"
"01:18:44.463","GOREV","0","0","0","0","0","0","0","0","0","0","0","0","0","0","0","0","0","0","0","0","0","0","0","0","0","0","0","-0.03287944","-0.159226","-1.026925","0","0","0","0","0","0","0"
"01:18:44.662","GOREV","0","0","0","0","0","0","0","0","0","0","0","0","0","0","0","0","0","0","0","0","0","0","0","0","0","0","0","-0.03236901","-0.1592172","-1.027219","0","0","0","0","0","0","0"
"01:18:44.862","GOREV","0","0","0","0","0","0","0","0","0","0","0","0","0","0","0","0","0","0","0","0","0","0","0","0","0","0","0","-0.03261679","-0.1623953","-1.023627","0","0","0","0","0","0","0"
"01:18:45.062","GOREV","0","0","0","0","0","0","0","0","0","0","0","0","0","0","0","0","0","0","0","0","0","0","0","0","0","0","0","-0.03235448","-0.1590336","-1.023733","0","0","0","0","0","0","0"
"01:18:45.268","GOREV","0","0","0","0","0","0","0","0","0","0","0","0","0","0","0","0","0","0","0","0","0","0","0","0","0","0","0","-0.03407425","-0.1603831","-1.024684","0","0","0","0","0","0","0"
"01:18:45.467","GOREV","0","0","0","0","0","0","0","0","0","0","0","0","0","0","0","0","0","0","0","0","0","0","0","0","0","0","0","-0.03339693","-0.1587977","-1.027122","0","0","0","0","0","0","0"
"01:18:45.667","GOREV","0","0","0","0","0","0","0","0","0","0","0","0","0","0","0","0","0","0","0","0","0","0","0","0","0","0","0","-0.03160829","-0.1600983","-1.02753","0","0","0","0","0","0","0"
"01:18:45.866","GOREV","0","0","0","0","0","0","0","0","0","0","0","0","0","0","0","0","0","0","0","0","0","0","0","0","0","0","0","-0.0341865","-0.1601453","-1.024184","0","0","0","0","0","0","0"
"01:18:46.066","GOREV","0","0","0","0","0","0","0","0","0","0","0","0","0","0","0","0","0","0","0","0","0","0","0","0","0","0","0","-0.0318881","-0.1577167","-1.023532","0","0","0","0","0","0","0"
"01:18:46.266","GOREV","0","0","0","0","0","0","0","0","0","0","0","0","0","0","0","0","0","0","0","0","0","0","0","0","0","0","0","-0.03332195","-0.1612467","-1.026418","0","0","0","0","0","0","0"
"01:18:46.466","GOREV","0","0","0","0","0","0","0","0","0","0","0","0","0","0","0","0","0","0","0","0","0","0","0","0","0","0","0","-0.03441262","-0.1586565","-1.022214","0","0","0","0","0","0","0"
"01:18:46.665","GOREV","0","0","0","0","0","0","0","0","0","0","0","0","0","0","0","0","0","0","0","0","0","0","0","0","0","0","0","-0.03398641","-0.1605785","-1.024924","0","0","0","0","0","0","0"
"01:18:46.865","GOREV","0","0","0","0","0","0","0","0","0","0","0","0","0","0","0","0","0","0","0","0","0","0","0","0","0","0","0","-0.03346994","-0.1601278","-1.024874","0","0","0","0","0","0","0"
"01:18:47.064","GOREV","0","0","0","0","0","0","0","0","0","0","0","0","0","0","0","0","0","0","0","0","0","0","0","0","0","0","0","-0.03429325","-0.1603824","-1.028471","0","0","0","0","0","0","0"
"01:18:47.262","GOREV","0","0","0","0","0","0","0","0","0","0","0","0","0","0","0","0","0","0","0","0","0","0","0","0","0","0","0","-0.03135623","-0.161059","-1.027878","0","0","0","0","0","0","0"
"01:18:47.462","GOREV","0","0","0","0","0","0","0","0","0","0","0","0","0","0","0","0","0","0","0","0","0","0","0","0","0","0","0","-0.0320595","-0.1583101","-1.025463","0","0","0","0","0","0","0"
"01:18:47.662","GOREV","0","0","0","0","0","0","0","0","0","0","0","0","0","0","0","0","0","0","0","0","0","0","0","0","0","0","0","-0.03393959","-0.1593772","-1.026155","0","0","0","0","0","0","0"
"01:18:47.861","GOREV","0","0","0","0","0","0","0","0","0","0","0","0","0","0","0","0","0","0","0","0","0","0","0","0","0","0","0","-0.0322338","-0.1583931","-1.024161","0","0","0","0","0","0","0"
"01:18:48.061","GOREV","0","0","0","0","0","0","0","0","0","0","0","0","0","0","0","0","0","0","0","0","0","0","0","0","0","0","0","-0.03335256","-0.1556193","-1.023664","0","0","0","0","0","0","0"
"01:18:48.309","GOREV","0","0","0","0","0","0","0","0","0","0","0","0","0","0","0","0","0","0","0","0","0","0","0","0","0","0","0","-0.03243227","-0.1577834","-1.024562","0","0","0","0","0","0","0"
"01:18:48.509","GOREV","0","0","0","0","0","0","0","0","0","0","0","0","0","0","0","0","0","0","0","0","0","0","0","0","0","0","0","-0.03402348","-0.160914","-1.025679","0","0","0","0","0","0","0"
"01:18:48.708","GOREV","0","0","0","0","0","0","0","0","0","0","0","0","0","0","0","0","0","0","0","0","0","0","0","0","0","0","0","-0.03370768","-0.1609788","-1.024552","0","0","0","0","0","0","0"
"01:18:48.909","GOREV","0","0","0","0","0","0","0","0","0","0","0","0","0","0","0","0","0","0","0","0","0","0","0","0","0","0","0","-0.03322712","-0.1596922","-1.024229","0","0","0","0","0","0","0"
"01:18:49.108","GOREV","0","0","0","0","0","0","0","0","0","0","0","0","0","0","0","0","0","0","0","0","0","0","0","0","0","0","0","-0.03291659","-0.1582392","-1.025148","0","0","0","0","0","0","0"
"01:18:49.307","GOREV","0","0","0","0","0","0","0","0","0","0","0","0","0","0","0","0","0","0","0","0","0","0","0","0","0","0","0","-0.03492204","-0.1567854","-1.024571","0","0","0","0","0","0","0"
"01:18:49.506","GOREV","0","0","0","0","0","0","0","0","0","0","0","0","0","0","0","0","0","0","0","0","0","0","0","0","0","0","0","-0.03360402","-0.1614335","-1.02715","0","0","0","0","0","0","0"
"01:18:49.706","GOREV","0","0","0","0","0","0","0","0","0","0","0","0","0","0","0","0","0","0","0","0","0","0","0","0","0","0","0","-0.03321827","-0.1610406","-1.023181","0","0","0","0","0","0","0"
"01:18:49.906","GOREV","0","0","0","0","0","0","0","0","0","0","0","0","0","0","0","0","0","0","0","0","0","0","0","0","0","0","0","-0.033574","-0.1592468","-1.02305","0","0","0","0","0","0","0"
"01:18:50.106","GOREV","0","0","0","0","0","0","0","0","0","0","0","0","0","0","0","0","0","0","0","0","0","0","0","0","0","0","0","-0.03259107","-0.160729","-1.024299","0","0","0","0","0","0","0"
"01:18:50.305","GOREV","0","0","0","0","0","0","0","0","0","0","0","0","0","0","0","0","0","0","0","0","0","0","0","0","0","0","0","-0.03361483","-0.158127","-1.025237","0","0","0","0","0","0","0"
"01:18:50.504","GOREV","0","0","0","0","0","0","0","0","0","0","0","0","0","0","0","0","0","0","0","0","0","0","0","0","0","0","0","-0.03458119","-0.1609052","-1.024383","0","0","0","0","0","0","0"
"01:18:50.704","GOREV","0","0","0","0","0","0","0","0","0","0","0","0","0","0","0","0","0","0","0","0","0","0","0","0","0","0","0","-0.03164947","-0.1591468","-1.024665","0","0","0","0","0","0","0"
"01:18:50.903","GOREV","0","0","0","0","0","0","0","0","0","0","0","0","0","0","0","0","0","0","0","0","0","0","0","0","0","0","0","-0.03563345","-0.1593584","-1.024158","0","0","0","0","0","0","0"
"01:18:51.103","GOREV","0","0","0","0","0","0","0","0","0","0","0","0","0","0","0","0","0","0","0","0","0","0","0","0","0","0","0","-0.01964227","-0.1549547","-1.023956","0","0","0","0","0","0","0"
