ZAMAN,KAYNAK,ANA_0_DURUM,ANA_1_IRT,ANA_2_HIZ,ANA_3_SIC,ANA_4_NEM,ANA_5_EN,ANA_6_BOY,ANA_7_PITCH,ANA_8_ROLL,ANA_9_YAW,ANA_10_BASMS,ANA_11_BASBMP,ANA_12_BASTOP,ANA_13,ANA_14,ANA_15,ANA_16,ANA_17,ANA_18,ANA_19,ANA_20_IVMEX,ANA_21_IVMEY,ANA_22_IVMEZ,ANA_23,ANA_24,ANA_25,ANA_26,GOREV_0_DURUM,GOREV_1_EN,GOREV_2_BOY,GOREV_3_IVMEX,GOREV_4_IVMEY,GOREV_5_IVMEZ,GOREV_6_FILTREX,GOREV_7_FILTREY,GOREV_8_FILTREZ
"18:16:42.010","ANA","0","+0.4","+0.0","+30.2","+0.0","+40.7216","+29.9374","+9.2","+75.7","+34.9","102168","102289","102229","0","0","0","0","0","0","0","0","0","0","-1.04","-8.06","+5.38","71","","","","","","","","","",""
"18:16:43.023","ANA","0","+0.6","+0.0","+30.1","+0.0","+40.7216","+29.9374","+7.1","+81.1","+19.4","102167","102287","102227","0","0","0","0","0","0","0","0","0","0","+0.58","-6.88","+7.46","72","","","","","","","","","",""
"18:16:44.043","ANA","0","+0.7","+0.0","+30.2","+0.0","+40.7216","+29.9374","+13.0","+81.2","+15.0","102165","102287","102226","0","0","0","0","0","0","0","0","0","0","+0.57","-6.19","+7.92","73","","","","","","","","","",""
"18:16:45.057","ANA","0","+0.7","+0.0","+30.2","+0.0","+40.7216","+29.9374","+12.1","+74.9","+5.5","102166","102286","102226","0","0","0","0","0","0","0","0","0","0","+2.35","-5.46","+8.36","74","","","","","","","","","",""
"18:16:46.072","ANA","0","+0.7","+0.0","+30.2","+0.0","+40.7216","+29.9374","+8.6","+74.5","+7.4","102168","102288","102228","0","0","0","0","0","0","0","0","0","0","+2.24","-5.84","+7.23","75","","","","","","","","","",""
"18:16:48.110","ANA","0","+0.4","+0.0","+30.2","+0.0","+40.7216","+29.9374","+21.7","+53.9","+48.0","102173","102291","102232","0","0","0","0","0","0","0","0","0","0","-3.11","-8.05","+4.96","77","","","","","","","","","",""
"18:16:49.127","ANA","0","+0.2","+0.0","+30.1","+0.0","+40.7216","+29.9374","+21.9","+36.0","+40.7","102174","102296","102235","0","0","0","0","0","0","0","0","0","0","+1.90","-8.65","+4.92","78","","","","","","","","","",""
"18:16:50.144","ANA","0","+0.0","+0.0","+30.1","+0.0","+40.7216","+29.9374","+37.3","+52.6","+30.6","102177","102299","102238","0","0","0","0","0","0","0","0","0","0","+1.77","-6.90","+8.02","79","","","","","","","","","",""
"18:16:51.161","ANA","0","+0.0","+0.0","+30.1","+0.0","+40.7216","+29.9374","+18.7","+31.6","+31.6","102180","102302","102241","0","0","0","0","0","0","0","0","0","0","+4.28","-8.07","+3.36","80","","","","","","","","","",""
"18:16:52.178","ANA","0","+0.0","+0.0","+30.1","+0.0","+40.7216","+29.9374","+16.4","-11.4","+33.6","102181","102305","102243","0","0","0","0","0","0","0","0","0","0","+3.08","-9.97","-0.24","81","","","","","","","","","",""
"18:16:54.234","ANA","0","+0.0","+0.0","+30.0","+0.0","+40.7216","+29.9374","+28.9","-36.7","+23.6","102175","102301","102238","0","0","0","0","0","0","0","0","0","0","+4.23","-10.63","-0.63","83","","","","","","","","","",""
"18:16:55.206","ANA","0","+0.5","+0.0","+30.0","+0.0","+40.7216","+29.9374","-25.0","-0.0","+32.1","102161","102287","102224","0","0","0","0","0","0","0","0","0","0","+4.57","-6.53","-4.11","84","","","","","","","","","",""
"18:16:56.225","ANA","0","+1.0","+0.0","+30.0","+0.0","+40.7216","+29.9374","-24.9","-14.2","+21.8","102162","102287","102224","0","0","0","0","0","0","0","0","0","0","+2.73","-6.84","-6.05","85","","","","","","","","","",""
"18:16:57.243","ANA","0","+0.8","+0.0","+29.9","+0.0","+40.7216","+29.9374","-25.8","-17.9","+11.9","102165","102291","102228","0","0","0","0","0","0","0","0","0","0","+5.86","-4.75","-6.03","86","","","","","","","","","",""
"18:17:45.884","ANA","0","+0.0","+0.0","+29.9","+0.0","+40.7216","+29.9374","+8.7","+3.7","+51.0","102177","102301","102239","0","0","0","0","0","0","0","0","0","0","+0.18","-9.27","-0.36","134","","","","","","","","","",""
"18:18:36.335","ANA","0","+0.0","+0.0","+30.3","+0.0","+40.7216","+29.9374","+11.7","-25.6","+31.9","102181","102301","102241","0","0","0","0","0","0","0","0","0","0","+1.67","-8.89","-2.64","184","","","","","","","","","",""
"18:18:37.325","ANA","0","+0.0","+0.0","+30.3","+0.0","+40.7216","+29.9374","+14.3","-22.3","+30.2","102180","102300","102240","0","0","0","0","0","0","0","0","0","0","+3.07","-9.30","-1.99","185","","","","","","","","","",""
"18:18:38.320","ANA","0","+0.0","+0.0","+30.3","+0.0","+40.7216","+29.9374","+16.1","-19.8","+31.6","102181","102300","102241","0","0","0","0","0","0","0","0","0","0","+3.16","-8.93","-1.38","186","","","","","","","","","",""
"18:18:39.295","ANA","0","+0.0","+0.0","+30.2","+0.0","+40.7216","+29.9374","+0.6","-28.3","+33.0","102181","102299","102240","0","0","0","0","0","0","0","0","0","0","+1.99","-8.64","-4.67","187","","","","","","","","","",""
"18:18:40.313","ANA","0","+0.0","+0.0","+30.2","+0.0","+40.7216","+29.9374","+6.1","-23.0","+32.3","102180","102299","102239","0","0","0","0","0","0","0","0","0","0","+2.54","-8.28","-3.49","188","","","","","","","","","",""
"18:18:41.329","ANA","0","+0.0","+0.0","+30.2","+0.0","+40.7216","+29.9374","+4.3","-26.7","+32.6","102179","102298","102239","0","0","0","0","0","0","0","0","0","0","+2.26","-8.56","-4.11","189","","","","","","","","","",""
"18:18:42.347","ANA","0","+0.0","+0.0","+30.2","+0.0","+40.7216","+29.9374","+4.8","-28.1","+34.0","102178","102298","102238","0","0","0","0","0","0","0","0","0","0","+1.61","-8.79","-3.38","190","","","","","","","","","",""
"18:18:43.363","ANA","0","+0.0","+0.0","+30.2","+0.0","+40.7216","+29.9374","+9.2","-23.7","+34.8","102180","102298","102239","0","0","0","0","0","0","0","0","0","0","+2.08","-9.34","-2.07","191","","","","","","","","","",""
"18:18:44.381","ANA","0","+0.0","+0.0","+30.2","+0.0","+40.7216","+29.9374","+6.7","-18.2","+35.2","102182","102300","102241","0","0","0","0","0","0","0","0","0","0","+2.58","-9.07","-2.56","192","","","","","","","","","",""
"18:18:45.377","ANA","0","+0.0","+0.0","+30.2","+0.0","+40.7216","+29.9374","+5.8","-15.1","+39.1","102180","102301","102240","0","0","0","0","0","0","0","0","0","0","+2.68","-9.39","-1.80","193","","","","","","","","","",""
"18:18:46.417","ANA","0","+0.0","+0.0","+30.1","+0.0","+40.7216","+29.9374","+16.7","-12.0","+36.3","102179","102302","102241","0","0","0","0","0","0","0","0","0","0","+2.50","-9.40","-0.68","194","","","","","","","","","",""
"18:18:47.391","ANA","0","+0.0","+0.0","+30.1","+0.0","+40.7216","+29.9374","+16.1","-4.8","+38.6","102180","102301","102241","0","0","0","0","0","0","0","0","0","0","+2.89","-9.22","+1.16","195","","","","","","","","","",""
"18:18:48.409","ANA","0","+0.0","+0.0","+30.1","+0.0","+40.7216","+29.9374","+4.9","+12.4","+38.3","102182","102301","102242","0","0","0","0","0","0","0","0","0","0","+2.94","-9.38","+0.26","196","","","","","","","","","",""
"18:18:49.426","ANA","0","+0.0","+0.0","+30.1","+0.0","+40.7216","+29.9374","+4.2","+14.0","+39.0","102184","102305","102244","0","0","0","0","0","0","0","0","0","0","+2.24","-9.68","+0.21","197","","","","","","","","","",""
"18:18:50.443","ANA","0","+0.0","+0.0","+30.1","+0.0","+40.7216","+29.9374","+6.1","+10.1","+43.3","102183","102305","102244","0","0","0","0","0","0","0","0","0","0","+1.44","-9.69","-0.27","198","","","","","","","","","",""
"18:18:51.460","ANA","0","+0.0","+0.0","+30.1","+0.0","+40.7216","+29.9374","+4.4","+15.7","+41.8","102183","102302","102243","0","0","0","0","0","0","0","0","0","0","+2.43","-9.11","+0.79","199","","","","","","","","","",""
"18:18:52.478","ANA","0","+0.0","+0.0","+30.1","+0.0","+40.7216","+29.9374","-3.5","+25.6","+38.0","102182","102301","102242","0","0","0","0","0","0","0","0","0","0","+2.72","-9.52","+0.42","200","","","","","","","","","",""
"18:18:53.494","ANA","0","+0.0","+0.0","+30.1","+0.0","+40.7216","+29.9374","-5.3","+25.7","+36.1","102183","102303","102243","0","0","0","0","0","0","0","0","0","0","+3.16","-9.22","+0.37","201","","","","","","","","","",""
"18:18:54.511","ANA","0","+0.0","+0.0","+30.2","+0.0","+40.7216","+29.9374","-4.1","+25.3","+34.3","102183","102301","102242","0","0","0","0","0","0","0","0","0","0","+3.67","-9.21","+0.69","202","","","","","","","","","",""
"18:18:55.528","ANA","0","+0.0","+0.0","+30.2","+0.0","+40.7216","+29.9374","-6.5","+26.9","+34.4","102183","102301","102242","0","0","0","0","0","0","0","0","0","0","+3.44","-8.72","+0.34","203","","","","","","","","","",""
"18:18:56.545","ANA","0","+0.0","+0.0","+30.3","+0.0","+40.7216","+29.9374","-1.8","+23.0","+35.9","102183","102301","102242","0","0","0","0","0","0","0","0","0","0","+3.11","-9.02","+0.84","204","","","","","","","","","",""
"18:18:57.564","ANA","0","+0.0","+0.0","+30.3","+0.0","+40.7216","+29.9374","-0.9","+22.5","+36.7","102183","102301","102242","0","0","0","0","0","0","0","0","0","0","+2.97","-9.14","+0.54","205","","","","","","","","","",""
"18:18:58.580","ANA","0","+0.0","+0.0","+30.3","+0.0","+40.7216","+29.9374","-0.8","+17.9","+36.2","102183","102299","102241","0","0","0","0","0","0","0","0","0","0","+2.94","-9.64","-0.05","206","","","","","","","","","",""
"18:18:59.598","ANA","0","+0.0","+0.0","+30.4","+0.0","+40.7216","+29.9374","+0.9","+18.3","+38.9","102183","102300","102241","0","0","0","0","0","0","0","0","0","0","+2.67","-9.60","+0.68","207","","","","","","","","","",""
"18:19:00.614","ANA","0","+0.0","+0.0","+30.4","+0.0","+40.7216","+29.9374","-2.4","+20.5","+38.1","102185","102299","102242","0","0","0","0","0","0","0","0","0","0","+2.93","-9.39","+0.17","208","","","","","","","","","",""
"18:19:01.631","ANA","0","+0.0","+0.0","+30.4","+0.0","+40.7216","+29.9374","-3.6","+21.1","+37.4","102184","102299","102241","0","0","0","0","0","0","0","0","0","0","+3.09","-9.22","+0.30","209","","","","","","","","","",""
"18:19:02.649","ANA","0","+0.0","+0.0","+30.5","+0.0","+40.7216","+29.9374","-2.3","+27.4","+40.7","102185","102297","102241","0","0","0","0","0","0","0","0","0","0","+2.30","-9.30","+0.52","210","","","","","","","","","",""
"18:19:03.666","ANA","0","+0.0","+0.0","+30.6","+0.0","+40.7216","+29.9374","-6.4","+30.4","+39.3","102183","102298","102241","0","0","0","0","0","0","0","0","0","0","+2.63","-9.32","+0.43","211","","","","","","","","","",""
"18:19:04.683","ANA","0","+0.0","+0.0","+30.6","+0.0","+40.7216","+29.9374","-7.4","+31.7","+38.6","102184","102299","102241","0","0","0","0","0","0","0","0","0","0","+2.74","-9.22","+0.31","212","","","","","","","","","",""
"18:19:05.700","ANA","0","+0.0","+0.0","+30.7","+0.0","+40.7216","+29.9374","-7.3","+31.7","+37.2","102185","102298","102241","0","0","0","0","0","0","0","0","0","0","+3.22","-9.18","+0.54","213","","","","","","","","","",""
"18:19:06.716","ANA","0","+0.0","+0.0","+30.7","+0.0","+40.7216","+29.9374","-5.1","+29.1","+36.8","102186","102299","102242","0","0","0","0","0","0","0","0","0","0","+3.07","-9.21","+0.27","214","","","","","","","","","",""
"18:19:07.734","ANA","0","+0.0","+0.0","+30.8","+0.0","+40.7216","+29.9374","-3.9","+25.5","+39.3","102185","102298","102242","0","0","0","0","0","0","0","0","0","0","+2.59","-9.38","+0.07","215","","","","","","","","","",""
"18:19:08.751","ANA","0","+0.0","+0.0","+30.8","+0.0","+40.7216","+29.9374","-3.0","+27.1","+38.4","102185","102297","102241","0","0","0","0","0","0","0","0","0","0","+2.74","-9.22","+0.58","216","","","","","","","","","",""
"18:19:09.768","ANA","0","+0.0","+0.0","+30.8","+0.0","+40.7216","+29.9374","-2.5","+25.6","+37.7","102185","102299","102242","0","0","0","0","0","0","0","0","0","0","+2.82","-9.18","+0.94","217","","","","","","","","","",""
"18:19:10.785","ANA","0","+0.0","+0.0","+30.9","+0.0","+40.7216","+29.9374","+1.0","+22.4","+37.2","102187","102300","102243","0","0","0","0","0","0","0","0","0","0","+2.92","-9.27","+0.52","218","","","","","","","","","",""
"18:19:11.802","ANA","0","+0.0","+0.0","+30.9","+0.0","+40.7216","+29.9374","+0.5","+22.7","+37.5","102187","102299","102243","0","0","0","0","0","0","0","0","0","0","+3.16","-9.01","+0.36","219","","","","","","","","","",""
"18:19:17.905","ANA","0","+0.0","+0.0","+31.2","+0.0","+40.7216","+29.9374","+0.7","+21.5","+40.0","102186","102297","102241","0","0","0","0","0","0","0","0","0","0","+2.72","-9.35","+0.46","225","","","","","","","","","",""
"18:19:18.922","ANA","0","+0.0","+0.0","+31.3","+0.0","+40.7216","+29.9374","-0.0","+24.0","+38.9","102186","102297","102241","0","0","0","0","0","0","0","0","0","0","+2.75","-9.15","+0.50","226","","","","","","","","","",""
"18:19:19.939","ANA","0","+0.0","+0.0","+31.3","+0.0","+40.7216","+29.9374","+1.5","+24.0","+39.5","102185","102294","102240","0","0","0","0","0","0","0","0","0","0","+2.74","-9.34","+1.26","227","","","","","","","","","",""
"18:19:20.955","ANA","0","+0.0","+0.0","+31.4","+0.0","+40.7216","+29.9374","-0.6","+25.4","+39.0","102185","102293","102239","0","0","0","0","0","0","0","0","0","0","+2.85","-9.25","+0.76","228","","","","","","","","","",""
"18:19:21.971","ANA","0","+0.0","+0.0","+31.4","+0.0","+40.7216","+29.9374","-0.8","+26.2","+39.4","102185","102293","102239","0","0","0","0","0","0","0","0","0","0","+2.56","-9.18","+0.87","229","","","","","","","","","",""
"18:19:22.989","ANA","0","+0.0","+0.0","+31.5","+0.0","+40.7216","+29.9374","-1.8","+27.1","+38.5","102184","102294","102239","0","0","0","0","0","0","0","0","0","0","+3.01","-9.39","+0.62","230","","","","","","","","","",""
"18:19:24.008","ANA","0","+0.0","+0.0","+31.5","+0.0","+40.7216","+29.9374","+3.4","+23.6","+42.1","102184","102292","102238","0","0","0","0","0","0","0","0","0","0","+2.09","-9.03","+1.01","231","","","","","","","","","",""
"18:19:25.024","ANA","0","+0.0","+0.0","+31.6","+0.0","+40.7216","+29.9374","+8.9","+19.6","+44.7","102184","102294","102239","0","0","0","0","0","0","0","0","0","0","+1.67","-9.40","+1.89","232","","","","","","","","","",""
"18:19:26.040","ANA","0","+0.0","+0.0","+31.6","+0.0","+40.7216","+29.9374","+4.4","+18.0","+43.4","102184","102296","102240","0","0","0","0","0","0","0","0","0","0","+1.94","-9.61","+0.51","233","","","","","","","","","",""
"18:19:27.057","ANA","0","+0.0","+0.0","+31.7","+0.0","+40.7216","+29.9374","+4.9","+17.4","+44.0","102182","102296","102239","0","0","0","0","0","0","0","0","0","0","+1.96","-9.52","+0.31","234","","","","","","","","","",""
"18:19:28.075","ANA","0","+0.0","+0.0","+31.7","+0.0","+40.7216","+29.9374","+5.8","+18.1","+43.3","102182","102297","102239","0","0","0","0","0","0","0","0","0","0","+2.18","-9.65","+0.82","235","","","","","","","","","",""
"18:19:29.090","ANA","0","+0.0","+0.0","+31.8","+0.0","+40.7216","+29.9374","+6.5","+16.6","+44.0","102182","102294","102238","0","0","0","0","0","0","0","0","0","0","+1.80","-9.60","+0.58","236","","","","","","","","","",""
"18:19:30.108","ANA","0","+0.0","+0.0","+31.8","+0.0","+40.7216","+29.9374","+8.4","+15.2","+43.2","102184","102295","102239","0","0","0","0","0","0","0","0","0","0","+1.82","-9.63","+1.77","237","","","","","","","","","",""
"18:19:31.124","ANA","0","+0.0","+0.0","+31.9","+0.0","+40.7216","+29.9374","+6.4","+17.3","+44.5","102185","102294","102239","0","0","0","0","0","0","0","0","0","0","+1.78","-9.46","+0.72","238","","","","","","","","","",""
"18:19:32.141","ANA","0","+0.0","+0.0","+31.9","+0.0","+40.7216","+29.9374","+5.0","+20.0","+44.3","102184","102294","102239","0","0","0","0","0","0","0","0","0","0","+1.46","-9.61","+1.44","239","","","","","","","","","",""
"18:19:33.159","ANA","0","+0.0","+0.0","+32.0","+0.0","+40.7216","+29.9374","+6.3","+18.3","+46.0","102183","102295","102239","0","0","0","0","0","0","0","0","0","0","+1.21","-9.72","+0.82","240","","","","","","","","","",""
"18:19:34.176","ANA","0","+0.0","+0.0","+32.0","+0.0","+40.7216","+29.9374","+4.5","+19.2","+46.4","102181","102295","102238","0","0","0","0","0","0","0","0","0","0","+1.62","-9.68","+0.74","241","","","","","","","","","",""
"18:19:35.191","ANA","0","+0.0","+0.0","+32.0","+0.0","+40.7216","+29.9374","+5.0","+19.7","+46.2","102184","102295","102239","0","0","0","0","0","0","0","0","0","0","+1.70","-9.65","+0.85","242","","","","","","","","","",""
"18:19:36.208","ANA","0","+0.0","+0.0","+32.1","+0.0","+40.7216","+29.9374","+6.9","+18.7","+46.0","102184","102294","102239","0","0","0","0","0","0","0","0","0","0","+1.46","-9.56","+1.40","243","","","","","","","","","",""
"18:19:37.226","ANA","0","+0.0","+0.0","+32.1","+0.0","+40.7216","+29.9374","+6.2","+17.9","+47.0","102183","102292","102237","0","0","0","0","0","0","0","0","0","0","+1.35","-9.71","+1.00","244","","","","","","","","","",""
"18:19:38.242","ANA","0","+0.0","+0.0","+32.1","+0.0","+40.7216","+29.9374","+6.1","+16.7","+46.0","102187","102293","102240","0","0","0","0","0","0","0","0","0","0","+1.62","-9.64","+0.76","245","","","","","","","","","",""
"18:19:39.258","ANA","0","+0.0","+0.0","+32.2","+0.0","+40.7216","+29.9374","+5.1","+15.7","+47.1","102186","102292","102239","0","0","0","0","0","0","0","0","0","0","+1.33","-9.72","+0.34","246","","","","","","","","","",""
"18:19:40.275","ANA","0","+0.0","+0.0","+32.2","+0.0","+40.7216","+29.9374","+6.4","+15.0","+46.0","102184","102292","102238","0","0","0","0","0","0","0","0","0","0","+1.71","-9.71","+0.57","247","","","","","","","","","",""
"18:19:41.293","ANA","0","+0.0","+0.0","+32.2","+0.0","+40.7216","+29.9374","+7.8","+14.6","+46.1","102185","102290","102238","0","0","0","0","0","0","0","0","0","0","+1.55","-9.61","+0.78","248","","","","","","","","","",""
"18:19:42.309","ANA","0","+0.0","+0.0","+32.3","+0.0","+40.7216","+29.9374","+8.4","+14.1","+46.4","102183","102292","102238","0","0","0","0","0","0","0","0","0","0","+1.32","-9.79","+0.83","249","","","","","","","","","",""
"18:19:43.326","ANA","0","+0.0","+0.0","+32.3","+0.0","+40.7216","+29.9374","+8.1","+13.9","+45.8","102182","102292","102237","0","0","0","0","0","0","0","0","0","0","+1.71","-9.64","+0.80","250","","","","","","","","","",""
"18:20:08.643","ANA","0","+1.7","+0.0","+33.2","+0.0","+40.7216","+29.9374","-10.1","+58.0","+50.2","102149","102296","102222","0","0","0","0","0","0","0","0","0","0","-0.52","-9.42","+1.02","275","","","","","","","","","",""
"18:20:34.602","ANA","1","+4.4","+0.0","+34.8","+0.0","+40.7216","+29.9374","-49.8","+141.2","+30.9","102114","102311","102213","0","0","0","0","0","0","0","0","0","0","-2.08","-9.68","+1.22","301","","","","","","","","","",""
"18:20:45.662","ANA","1","+0.7","+0.0","+34.2","+0.0","+40.7216","+29.9374","+50.8","+72.2","+35.3","102169","102295","102232","0","0","0","0","0","0","0","0","0","0","-1.38","-4.17","+8.75","312","","","","","","","","","",""
"18:20:46.657","ANA","1","+0.1","+0.0","+34.2","+0.0","+40.7216","+29.9374","+50.4","+78.9","+32.7","102178","102293","102236","0","0","0","0","0","0","0","0","0","0","-2.83","-3.39","+8.93","313","","","","","","","","","",""
"18:20:47.654","ANA","1","+0.0","+0.0","+34.1","+0.0","+40.7216","+29.9374","+33.1","+50.5","+57.2","102177","102293","102235","0","0","0","0","0","0","0","0","0","0","-3.13","-7.59","+5.63","314","","","","","","","","","",""
"18:20:58.613","ANA","1","+0.0","+0.0","+33.6","+0.0","+40.7216","+29.9374","+50.6","+42.8","+46.3","102178","102293","102236","0","0","0","0","0","0","0","0","0","0","+0.96","-7.28","+8.72","325","","","","","","","","","",""
"18:20:59.610","ANA","1","+0.0","+0.0","+33.5","+0.0","+40.7216","+29.9374","+44.2","+57.6","+45.9","102179","102291","102235","0","0","0","0","0","0","0","0","0","0","-1.82","-6.07","+7.88","326","","","","","","","","","",""
"18:21:00.606","ANA","1","+0.0","+0.0","+33.5","+0.0","+40.7216","+29.9374","+41.1","+51.1","+44.4","102179","102294","102237","0","0","0","0","0","0","0","0","0","0","-1.42","-6.53","+7.32","327","","","","","","","","","",""
"18:21:13.555","ANA","1","+0.0","+0.0","+33.3","+0.0","+40.7216","+29.9374","+28.3","-0.7","+15.6","102188","102300","102244","0","0","0","0","0","0","0","0","0","0","+1.35","-5.69","-2.21","340","","","","","","","","","",""
"18:21:14.573","ANA","1","+0.0","+0.0","+33.2","+0.0","+40.7216","+29.9374","+0.9","+22.5","+60.4","102187","102300","102243","0","0","0","0","0","0","0","0","0","0","-2.75","-7.09","+1.72","341","","","","","","","","","",""
"18:21:15.610","ANA","1","+0.0","+0.0","+33.1","+0.0","+40.7216","+29.9374","+13.5","-27.6","+23.2","102181","102293","102237","0","0","0","0","0","0","0","0","0","0","+1.19","-8.82","-0.94","342","","","","","","","","","",""
"18:21:16.584","ANA","1","+0.0","+0.0","+33.0","+0.0","+40.7216","+29.9374","+16.8","-23.3","+6.2","102178","102294","102236","0","0","0","0","0","0","0","0","0","0","+6.13","-7.17","-2.50","343","","","","","","","","","",""
"18:21:17.600","ANA","1","+0.0","+0.0","+32.9","+0.0","+40.7216","+29.9374","+32.8","-33.3","-1.8","102179","102295","102237","0","0","0","0","0","0","0","0","0","0","+6.67","-5.32","-2.49","344","","","","","","","","","",""
"18:21:18.640","ANA","1","+0.0","+0.0","+32.8","+0.0","+40.7216","+29.9374","+51.2","-45.2","+11.4","102184","102298","102241","0","0","0","0","0","0","0","0","0","0","+5.44","-8.27","+0.32","345","","","","","","","","","",""
"18:21:19.638","ANA","1","+0.0","+0.0","+32.7","+0.0","+40.7216","+29.9374","+42.2","-30.1","+41.2","102183","102298","102241","0","0","0","0","0","0","0","0","0","0","+2.00","-11.65","+3.66","346","","","","","","","","","",""
"18:21:20.633","ANA","1","+0.0","+0.0","+32.6","+0.0","+40.7216","+29.9374","+21.8","-31.3","+31.8","102182","102296","102239","0","0","0","0","0","0","0","0","0","0","+1.98","-7.67","-3.11","347","","","","","","","","","",""
"18:21:21.629","ANA","1","+0.0","+0.0","+32.5","+0.0","+40.7216","+29.9374","+50.0","+12.6","+33.0","102182","102297","102239","0","0","0","0","0","0","0","0","0","0","+3.04","-6.80","+6.19","348","","","","","","","","","",""
"18:21:22.625","ANA","1","+0.0","+0.0","+32.5","+0.0","+40.7216","+29.9374","+58.7","+22.8","+25.1","102181","102296","102238","0","0","0","0","0","0","0","0","0","0","+3.49","-5.19","+7.07","349","","","","","","","","","",""
"18:21:23.622","ANA","1","+0.0","+0.0","+32.5","+0.0","+40.7216","+29.9374","+31.8","+50.2","+11.8","102185","102298","102241","0","0","0","0","0","0","0","0","0","0","+2.94","-4.13","+7.44","350","","","","","","","","","",""
"18:21:24.618","ANA","1","+0.0","+0.0","+32.4","+0.0","+40.7216","+29.9374","+36.4","+34.9","+34.5","102188","102300","102244","0","0","0","0","0","0","0","0","0","0","+1.59","-6.26","+6.80","351","","","","","","","","","",""
"18:21:25.614","ANA","1","+0.0","+0.0","+32.3","+0.0","+40.7216","+29.9374","+53.1","+27.9","+19.5","102185","102301","102243","0","0","0","0","0","0","0","0","0","0","+4.40","-3.43","+8.22","352","","","","","","","","","",""
"18:21:26.610","ANA","1","+0.0","+0.0","+32.3","+0.0","+40.7216","+29.9374","+56.0","-11.8","+38.8","102183","102300","102242","0","0","0","0","0","0","0","0","0","0","+3.00","-7.23","+4.90","353","","","","","","","","","",""
"18:21:27.585","ANA","1","+0.0","+0.0","+32.2","+0.0","+40.7216","+29.9374","+51.8","-5.9","+36.8","102182","102300","102241","0","0","0","0","0","0","0","0","0","0","+3.15","-7.19","+5.17","354","","","","","","","","","",""
"18:21:28.625","ANA","1","+0.0","+0.0","+32.2","+0.0","+40.7216","+29.9374","+50.9","-14.4","+40.7","102182","102301","102241","0","0","0","0","0","0","0","0","0","0","+2.38","-8.72","+3.99","355","","","","","","","","","",""
"18:21:29.621","ANA","1","+0.0","+0.0","+32.2","+0.0","+40.7216","+29.9374","+38.9","+13.5","+31.6","102184","102301","102243","0","0","0","0","0","0","0","0","0","0","+4.17","-8.11","+4.46","356","","","","","","","","","",""
"18:21:30.618","ANA","1","+0.0","+0.0","+32.1","+0.0","+40.7216","+29.9374","+33.7","+19.8","+37.1","102187","102302","102245","0","0","0","0","0","0","0","0","0","0","+1.29","-8.97","+3.38","357","","","","","","","","","",""
"18:21:31.614","ANA","1","+0.0","+0.0","+32.1","+0.0","+40.7216","+29.9374","+59.8","-27.6","+48.1","102187","102299","102243","0","0","0","0","0","0","0","0","0","0","+2.27","-8.53","+4.17","358","","","","","","","","","",""
"18:21:32.613","ANA","1","+0.0","+0.0","+32.1","+0.0","+40.7216","+29.9374","+52.2","-25.6","+52.6","102188","102299","102244","0","0","0","0","0","0","0","0","0","0","+1.17","-9.97","+4.53","359","","","","","","","","","",""
"18:21:33.608","ANA","1","+0.0","+0.0","+32.0","+0.0","+40.7216","+29.9374","+25.0","-24.5","+59.7","102185","102300","102242","0","0","0","0","0","0","0","0","0","0","-1.40","-9.57","+0.90","360","","","","","","","","","",""
"18:21:44.611","ANA","1","+0.0","+0.0","+31.9","+0.0","+40.7216","+29.9374","+47.7","-12.0","+17.4","102184","102299","102242","0","0","0","0","0","0","0","0","0","0","+4.44","-6.94","+2.75","371","","","","","","","","","",""
"18:21:45.619","ANA","1","+0.0","+0.0","+31.9","+0.0","+40.7216","+29.9374","+41.2","-42.0","+46.4","102184","102295","102240","0","0","0","0","0","0","0","0","0","0","-0.01","+325.52","+0.01","372","","","","","","","","","",""
"18:21:46.614","ANA","1","-0.5","-2.6","+31.9","+0.0","+40.7216","+29.9374","+41.5","-29.0","+44.1","102184","102295","102240","0","0","0","0","0","0","0","0","0","0","+0.98","-9.23","+2.01","373","","","","","","","","","",""
"18:21:47.611","ANA","1","-2.0","-7.6","+31.8","+0.0","+40.7216","+29.9374","+34.2","-19.0","+45.7","102185","102298","102241","0","0","0","0","0","0","0","0","0","0","+1.45","-9.40","+2.11","374","","","","","","","","","",""
"18:21:48.609","ANA","1","-3.0","-7.3","+31.8","+0.0","+40.7216","+29.9374","+30.9","-25.0","+43.3","102187","102302","102244","0","0","0","0","0","0","0","0","0","0","+1.24","-9.81","+0.45","375","","","","","","","","","",""
"18:21:49.604","ANA","1","-2.6","-4.5","+31.7","+0.0","+40.7216","+29.9374","+41.7","-31.0","+31.4","102185","102303","102244","0","0","0","0","0","0","0","0","0","0","+1.99","-9.97","+2.69","376","","","","","","","","","",""
"18:21:50.578","ANA","1","-1.7","-1.7","+31.6","+0.0","+40.7216","+29.9374","+41.0","-1.9","-18.6","102185","102302","102244","0","0","0","0","0","0","0","0","0","0","+9.22","-2.44","+1.47","377","","","","","","","","","",""
"18:21:51.595","ANA","1","-1.0","-0.1","+31.6","+0.0","+40.7216","+29.9374","+39.8","-2.7","-16.7","102186","102302","102244","0","0","0","0","0","0","0","0","0","0","+9.31","-3.19","+1.26","378","","","","","","","","","",""
"18:21:52.637","ANA","1","-0.6","+0.3","+31.5","+0.0","+40.7216","+29.9374","+25.4","-26.8","+45.0","102185","102301","102243","0","0","0","0","0","0","0","0","0","0","+0.60","-10.47","-1.04","379","","","","","","","","","",""
"18:21:53.633","ANA","1","-0.8","+0.1","+31.5","+0.0","+40.7216","+29.9374","+42.0","-0.6","-19.0","102191","102305","102248","0","0","0","0","0","0","0","0","0","0","+10.10","-1.95","+2.23","380","","","","","","","","","",""
"18:21:54.606","ANA","1","-1.1","-0.1","+31.4","+0.0","+40.7216","+29.9374","+41.4","-2.2","-18.7","102192","102309","102250","0","0","0","0","0","0","0","0","0","0","+9.30","-2.47","+1.80","381","","","","","","","","","",""
"18:21:55.622","ANA","1","-1.3","-0.2","+31.4","+0.0","+40.7216","+29.9374","+40.4","-0.1","-15.7","102195","102308","102252","0","0","0","0","0","0","0","0","0","0","+8.94","-3.33","+1.95","382","","","","","","","","","",""
"18:21:56.639","ANA","1","-1.3","-0.0","+31.4","+0.0","+40.7216","+29.9374","+38.7","+1.8","-16.7","102193","102306","102249","0","0","0","0","0","0","0","0","0","0","+9.34","-2.72","+1.59","383","","","","","","","","","",""
"18:21:57.656","ANA","1","-1.0","+0.2","+31.4","+0.0","+40.7216","+29.9374","+40.4","+3.1","-17.5","102191","102302","102246","0","0","0","0","0","0","0","0","0","0","+8.72","-2.40","+2.21","384","","","","","","","","","",""
"18:22:28.961","ANA","1","-0.8","+0.1","+30.9","+0.0","+40.7216","+29.9374","+30.7","+29.3","+33.9","102189","102305","102247","0","0","0","0","0","0","0","0","0","0","+3.28","-7.40","+4.96","415","","","","","","","","","",""
"18:22:41.062","ANA","1","-0.7","+0.3","+30.5","+0.0","+40.7217","+29.9375","+3.1","-29.4","-3.4","102184","102301","102243","0","0","0","0","0","0","0","0","0","0","+5.88","-5.30","-4.80","427","","","","","","","","","",""
"18:22:42.079","ANA","1","-0.4","+0.4","+30.5","+0.0","+40.7217","+29.9375","+1.1","-25.5","-5.7","102182","102298","102240","0","0","0","0","0","0","0","0","0","0","+6.79","-5.07","-4.71","428","","","","","","","","","",""
"18:22:52.234","ANA","1","-0.9","+0.0","+30.3","+0.0","+40.7217","+29.9375","+27.4","-11.2","+41.3","102188","102306","102247","0","0","0","0","0","0","0","0","0","0","+1.78","-9.46","+1.02","438","","","","","","","","","",""
"18:22:53.208","ANA","1","-0.8","+0.0","+30.3","+0.0","+40.7217","+29.9375","+24.4","-3.4","+35.9","102189","102305","102247","0","0","0","0","0","0","0","0","0","0","+3.13","-9.35","+1.26","439","","","","","","","","","",""
"18:22:54.248","ANA","1","-0.9","-0.0","+30.3","+0.0","+40.7217","+29.9375","+28.1","-17.9","+39.8","102190","102303","102246","0","0","0","0","0","0","0","0","0","0","+1.89","-8.90","+0.45","440","","","","","","","","","",""
"18:22:55.246","ANA","1","-0.8","+0.1","+30.3","+0.0","+40.7217","+29.9375","+25.5","-34.3","+52.6","102187","102300","102243","0","0","0","0","0","0","0","0","0","0","-0.46","-8.98","-0.29","441","","","","","","","","","",""
"18:22:56.244","ANA","1","-0.4","+0.3","+30.3","+0.0","+40.7217","+29.9375","+24.5","-31.9","+40.8","102183","102297","102240","0","0","0","0","0","0","0","0","0","0","+1.12","-10.00","-0.93","442","","","","","","","","","",""
"18:22:57.239","ANA","1","-0.3","+0.1","+30.3","+0.0","+40.7217","+29.9375","+31.4","-39.1","+39.1","102184","102295","102239","0","0","0","0","0","0","0","0","0","0","+1.20","-9.28","-0.40","443","","","","","","","","","",""
"18:22:58.237","ANA","1","-0.3","+0.0","+30.2","+0.0","+40.7217","+29.9375","+31.4","-39.5","+41.2","102185","102294","102239","0","0","0","0","0","0","0","0","0","0","+0.93","-9.63","-0.25","444","","","","","","","","","",""
"18:22:59.234","ANA","1","-0.5","-0.1","+30.3","+0.0","+40.7217","+29.9375","+33.5","-41.2","+41.9","102185","102296","102241","0","0","0","0","0","0","0","0","0","0","+0.89","-10.00","-0.05","445","","","","","","","","","",""
"18:23:00.229","ANA","1","-0.6","-0.1","+30.2","+0.0","+40.7217","+29.9375","+34.4","-39.4","+44.0","102187","102300","102243","0","0","0","0","0","0","0","0","0","0","+0.61","-9.96","+0.38","446","","","","","","","","","",""
"18:23:01.227","ANA","1","-0.7","-0.2","+30.2","+0.0","+40.7217","+29.9375","+33.0","-42.7","+44.7","102187","102298","102243","0","0","0","0","0","0","0","0","0","0","+0.18","-9.82","-0.07","447","","","","","","","","","",""
"18:23:02.224","ANA","1","-0.6","-0.0","+30.2","+0.0","+40.7217","+29.9375","+33.1","-42.8","+44.5","102187","102297","102242","0","0","0","0","0","0","0","0","0","0","+0.41","-9.73","-0.13","448","","","","","","","","","",""
"18:23:03.221","ANA","1","-0.6","+0.0","+30.2","+0.0","+40.7217","+29.9375","+33.3","-43.0","+44.3","102188","102296","102242","0","0","0","0","0","0","0","0","0","0","+0.19","-9.85","-0.22","449","","","","","","","","","",""
"18:23:04.218","ANA","1","-0.6","+0.0","+30.2","+0.0","+40.7217","+29.9375","+31.4","-41.4","+42.6","102186","102298","102242","0","0","0","0","0","0","0","0","0","0","+0.42","-9.75","-0.43","450","","","","","","","","","",""
"18:23:05.217","ANA","1","-0.6","-0.0","+30.2","+0.0","+40.7217","+29.9375","+32.1","-43.1","+41.6","102188","102300","102244","0","0","0","0","0","0","0","0","0","0","+0.65","-10.11","-0.30","451","","","","","","","","","",""
"18:23:06.213","ANA","1","-0.9","-0.2","+30.1","+0.0","+40.7217","+29.9375","+29.4","-42.1","+41.3","102191","102302","102247","0","0","0","0","0","0","0","0","0","0","+0.51","-9.67","-0.71","452","","","","","","","","","",""
"18:23:07.211","ANA","1","-1.1","-0.2","+30.0","+0.0","+40.7217","+29.9375","+28.3","-41.3","+41.8","102193","102305","102249","0","0","0","0","0","0","0","0","0","0","+0.68","-10.02","-0.79","453","","","","","","","","","",""
"18:23:08.206","ANA","1","-1.2","-0.2","+30.0","+0.0","+40.7217","+29.9375","+28.2","-41.2","+41.6","102193","102310","102251","0","0","0","0","0","0","0","0","0","0","+0.61","-9.75","-0.86","454","","","","","","","","","",""
"18:23:09.202","ANA","1","-1.3","-0.1","+30.0","+0.0","+40.7217","+29.9375","+28.1","-40.8","+41.6","102194","102307","102251","0","0","0","0","0","0","0","0","0","0","+0.81","-9.64","-0.91","455","","","","","","","","","",""
"18:23:10.200","ANA","1","-1.0","+0.2","+30.0","+0.0","+40.7217","+29.9375","+28.0","-40.7","+43.0","102187","102301","102244","0","0","0","0","0","0","0","0","0","0","+0.33","-9.80","-0.80","456","","","","","","","","","",""
"18:23:11.197","ANA","1","-0.5","+0.4","+29.9","+0.0","+40.7217","+29.9375","+21.9","-37.8","+44.1","102183","102300","102242","0","0","0","0","0","0","0","0","0","0","+0.25","-9.82","-1.40","457","","","","","","","","","",""
"18:23:12.193","ANA","1","-0.4","+0.3","+29.9","+0.0","+40.7217","+29.9375","+21.0","-39.2","+49.6","102183","102300","102242","0","0","0","0","0","0","0","0","0","0","-0.74","-9.59","-1.22","458","","","","","","","","","",""
"18:23:13.190","ANA","1","-0.5","+0.0","+29.9","+0.0","+40.7217","+29.9375","+17.6","-32.4","+50.2","102185","102299","102242","0","0","0","0","0","0","0","0","0","0","-0.57","-9.60","-1.48","459","","","","","","","","","",""
"18:23:14.187","ANA","1","-0.6","-0.1","+29.8","+0.0","+40.7217","+29.9375","+14.3","-27.2","+53.9","102188","102300","102244","0","0","0","0","0","0","0","0","0","0","-0.65","-9.64","-1.79","460","","","","","","","","","",""
"18:23:15.162","ANA","1","-0.9","-0.3","+29.8","+0.0","+40.7217","+29.9375","+6.9","-16.6","+54.9","102190","102303","102247","0","0","0","0","0","0","0","0","0","0","-0.56","-9.35","-2.43","461","","","","","","","","","",""
"18:23:16.206","ANA","1","+0.6","+1.0","+29.9","+0.0","+40.7217","+29.9375","-64.4","+154.4","+39.3","102144","102320","102232","0","0","0","0","0","0","0","0","0","0","+1.38","-10.67","-3.05","462","","","","","","","","","",""
"18:23:17.211","ANA","1","+0.2","+0.1","+30.0","+0.0","+40.7217","+29.9375","+67.8","-138.6","-29.5","102164","102340","102252","0","0","0","0","0","0","0","0","0","0","-1.53","-9.18","-3.11","463","","","","","","","","","",""
"18:23:18.208","ANA","1","-0.7","-0.7","+30.1","+0.0","+40.7216","+29.9374","+61.8","-133.1","-14.2","102178","102322","102250","0","0","0","0","0","0","0","0","0","0","-1.17","-7.26","-1.69","464","","","","","","","","","",""
"18:23:19.202","ANA","1","-0.9","-0.5","+30.0","+0.0","+40.7216","+29.9374","+58.7","-130.1","-6.2","102182","102314","102248","0","0","0","0","0","0","0","0","0","0","-1.41","-9.39","-0.78","465","","","","","","","","","",""
"18:23:20.204","ANA","1","-1.0","-0.2","+30.0","+0.0","+40.7216","+29.9374","+59.3","-142.0","-19.9","102185","102314","102250","0","0","0","0","0","0","0","0","0","0","-0.11","-10.36","-2.80","466","","","","","","","","","",""
"18:23:21.209","ANA","1","-0.7","+0.1","+29.9","+0.0","+40.7216","+29.9374","-43.9","+98.4","+63.5","102177","102309","102243","0","0","0","0","0","0","0","0","0","0","-1.26","-10.05","-1.60","467","","","","","","","","","",""
"18:23:22.206","ANA","1","-0.2","+0.5","+29.9","+0.0","+40.7216","+29.9374","-49.7","+104.8","+65.7","102175","102307","102241","0","0","0","0","0","0","0","0","0","0","-1.30","-9.28","-2.59","468","","","","","","","","","",""
"18:23:23.203","ANA","1","+0.0","+0.4","+29.9","+0.0","+40.7216","+29.9374","-53.4","+113.0","+63.1","102170","102303","102237","0","0","0","0","0","0","0","0","0","0","-1.57","-9.85","-2.26","469","","","","","","","","","",""
"18:23:24.200","ANA","1","-0.9","-0.5","+29.8","+0.0","+40.7216","+29.9374","+65.0","-157.8","-25.9","102175","102381","102278","0","0","0","0","0","0","0","0","0","0","-1.84","-9.80","-2.02","470","","","","","","","","","",""
"18:23:25.195","ANA","2","-2.4","-1.4","+29.8","+0.0","+40.7216","+29.9374","+54.9","-141.1","-6.6","102179","102355","102267","0","0","0","0","0","0","0","0","0","0","-1.94","-8.07","-1.70","471","","","","","","","","","",""
"18:23:26.194","ANA","1","-1.6","+0.0","+29.7","+0.0","+40.7216","+29.9374","+56.6","-138.3","-2.6","102179","102326","102253","0","0","0","0","0","0","0","0","0","0","-0.82","-10.89","-1.01","472","","","","","","","","","",""
"18:23:27.190","ANA","1","-0.9","+0.6","+29.6","+0.0","+40.7216","+29.9374","+57.3","-134.3","-2.1","102182","102316","102249","0","0","0","0","0","0","0","0","0","0","-1.98","-9.96","-1.50","473","","","","","","","","","",""
"18:23:28.189","ANA","1","-0.6","+0.5","+29.6","+0.0","+40.7216","+29.9374","+60.6","-133.6","-4.6","102182","102309","102245","0","0","0","0","0","0","0","0","0","0","-1.66","-10.10","-1.46","474","","","","","","","","","",""
"18:23:29.186","ANA","1","-0.4","+0.3","+29.5","+0.0","+40.7216","+29.9374","+57.9","-137.0","-9.5","102180","102305","102242","0","0","0","0","0","0","0","0","0","0","-1.20","-10.93","-1.25","475","","","","","","","","","",""
"18:23:30.180","ANA","1","-0.3","+0.2","+29.5","+0.0","+40.7216","+29.9373","+51.8","-137.9","-8.2","102179","102304","102242","0","0","0","0","0","0","0","0","0","0","-1.38","-8.98","-2.51","476","","","","","","","","","",""
"18:23:31.178","ANA","1","-0.3","-0.0","+29.5","+0.0","+40.7216","+29.9373","+47.7","-134.5","-6.4","102180","102303","102242","0","0","0","0","0","0","0","0","0","0","-2.44","-8.63","-3.26","477","","","","","","","","","",""
"18:23:32.175","ANA","1","-0.5","-0.1","+29.5","+0.0","+40.7216","+29.9373","+50.8","-125.6","+5.9","102183","102301","102242","0","0","0","0","0","0","0","0","0","0","-1.52","-9.40","-1.35","478","","","","","","","","","",""
"18:23:33.176","ANA","1","-0.6","-0.1","+29.5","+0.0","+40.7216","+29.9373","+42.6","-100.7","+10.6","102183","102303","102243","0","0","0","0","0","0","0","0","0","0","-1.00","-10.00","-1.76","479","","","","","","","","","",""
"18:23:34.179","ANA","1","-0.7","-0.1","+29.4","+0.0","+40.7216","+29.9373","+40.5","-90.1","+20.7","102185","102306","102246","0","0","0","0","0","0","0","0","0","0","+0.82","-8.86","-3.72","480","","","","","","","","","",""
"18:23:35.177","ANA","1","-0.8","-0.1","+29.4","+0.0","+40.7216","+29.9373","+35.2","-97.5","+23.2","102184","102309","102247","0","0","0","0","0","0","0","0","0","0","-1.39","-10.23","-2.34","481","","","","","","","","","",""
"18:23:36.175","ANA","1","-0.8","-0.0","+29.4","+0.0","+40.7215","+29.9373","+29.0","-75.4","+30.1","102184","102310","102247","0","0","0","0","0","0","0","0","0","0","+0.36","-8.75","-1.71","482","","","","","","","","","",""
"18:23:37.145","ANA","1","-0.6","+0.1","+29.3","+0.0","+40.7215","+29.9373","+2.2","-1.4","+51.2","102181","102304","102243","0","0","0","0","0","0","0","0","0","0","+0.93","-7.26","-5.23","483","","","","","","","","","",""
"18:23:38.166","ANA","1","-0.3","+0.3","+29.3","+0.0","+40.7215","+29.9373","+5.1","-12.2","+52.7","102180","102301","102240","0","0","0","0","0","0","0","0","0","0","-1.19","-8.69","-2.26","484","","","","","","","","","",""
"18:23:39.185","ANA","1","-0.3","+0.1","+29.3","+0.0","+40.7215","+29.9373","+13.2","-13.7","+52.0","102182","102299","102240","0","0","0","0","0","0","0","0","0","0","-0.46","-9.40","-0.45","485","","","","","","","","","",""
"18:23:40.181","ANA","1","-0.5","-0.0","+29.4","+0.0","+40.7215","+29.9373","+42.3","-11.4","+47.1","102185","102301","102243","0","0","0","0","0","0","0","0","0","0","+0.41","-9.18","+3.08","486","","","","","","","","","",""
"18:23:41.157","ANA","1","-0.7","-0.2","+29.4","+0.0","+40.7215","+29.9373","+43.4","-9.6","+45.2","102187","102300","102244","0","0","0","0","0","0","0","0","0","0","+1.63","-8.76","+3.70","487","","","","","","","","","",""
"18:23:42.195","ANA","1","-0.6","-0.0","+29.4","+0.0","+40.7215","+29.9373","+34.5","-22.0","+45.4","102184","102299","102241","0","0","0","0","0","0","0","0","0","0","-0.05","-8.43","+4.84","488","","","","","","","","","",""
"18:23:43.193","ANA","1","-0.6","-0.0","+29.4","+0.0","+40.7215","+29.9373","+35.6","-15.3","+40.9","102188","102303","102245","0","0","0","0","0","0","0","0","0","0","+1.62","-9.23","+1.45","489","","","","","","","","","",""
"18:23:44.189","ANA","1","-0.7","-0.0","+29.5","+0.0","+40.7215","+29.9373","+42.2","-50.7","+46.6","102187","102301","102244","0","0","0","0","0","0","0","0","0","0","+1.46","-8.69","+0.73","490","","","","","","","","","",""
"18:23:45.189","ANA","1","-0.6","+0.0","+29.5","+0.0","+40.7215","+29.9373","+41.9","-39.3","+47.1","102186","102299","102242","0","0","0","0","0","0","0","0","0","0","+0.94","-10.06","+1.14","491","","","","","","","","","",""
"18:23:46.185","ANA","1","-0.5","+0.1","+29.5","+0.0","+40.7215","+29.9373","+41.7","-35.4","+47.6","102186","102296","102241","0","0","0","0","0","0","0","0","0","0","+0.71","-9.47","+2.03","492","","","","","","","","","",""
"18:23:47.181","ANA","1","-0.5","+0.0","+29.5","+0.0","+40.7215","+29.9373","+38.6","-32.3","+50.0","102185","102297","102241","0","0","0","0","0","0","0","0","0","0","+0.05","-9.42","+1.87","493","","","","","","","","","",""
"18:23:48.179","ANA","1","-0.5","+0.0","+29.5","+0.0","+40.7215","+29.9373","+38.0","-30.7","+47.1","102185","102298","102242","0","0","0","0","0","0","0","0","0","0","+0.82","-9.75","+1.42","494","","","","","","","","","",""
"18:23:49.176","ANA","1","-0.6","-0.1","+29.5","+0.0","+40.7215","+29.9373","+41.9","-34.1","+43.5","102187","102301","102244","0","0","0","0","0","0","0","0","0","0","+2.05","-9.60","+2.26","495","","","","","","","","","",""
"18:23:50.172","ANA","1","-0.8","-0.1","+29.4","+0.0","+40.7215","+29.9373","+39.1","-40.9","+42.3","102190","102300","102245","0","0","0","0","0","0","0","0","0","0","+1.09","-9.44","+1.04","496","","","","","","","","","",""
"18:23:51.147","ANA","1","-0.9","-0.1","+29.5","+0.0","+40.7215","+29.9373","+26.4","-7.8","+49.9","102189","102300","102244","0","0","0","0","0","0","0","0","0","0","+1.04","-9.52","+1.52","497","","","","","","","","","",""
"18:23:52.187","ANA","1","-0.6","+0.1","+29.5","+0.0","+40.7215","+29.9373","+37.5","-19.7","+51.1","102186","102300","102243","0","0","0","0","0","0","0","0","0","0","-0.44","-7.51","+2.20","498","","","","","","","","","",""
"18:23:53.183","ANA","1","-0.6","+0.0","+29.5","+0.0","+40.7215","+29.9373","+44.5","-47.7","+46.7","102188","102299","102243","0","0","0","0","0","0","0","0","0","0","+0.54","-9.18","+1.75","499","","","","","","","","","",""
"18:23:54.182","ANA","1","-0.6","+0.0","+29.6","+0.0","+40.7215","+29.9373","+42.2","-40.4","+48.1","102187","102298","102242","0","0","0","0","0","0","0","0","0","0","+0.15","-9.65","+1.57","500","","","","","","","","","",""
"18:23:55.180","ANA","1","-0.5","+0.0","+29.5","+0.0","+40.7215","+29.9373","+41.7","-39.1","+43.1","102186","102296","102241","0","0","0","0","0","0","0","0","0","0","-0.02","-10.22","+1.41","501","","","","","","","","","",""
"18:23:56.175","ANA","1","-0.5","+0.0","+29.6","+0.0","+40.7215","+29.9373","+41.1","-41.0","+50.3","102185","102296","102241","0","0","0","0","0","0","0","0","0","0","+0.40","-9.42","+2.52","502","","","","","","","","","",""
"18:23:57.174","ANA","1","-0.4","+0.1","+29.5","+0.0","+40.7215","+29.9373","+34.4","-31.6","+51.7","102184","102293","102239","0","0","0","0","0","0","0","0","0","0","-0.12","-10.10","+1.54","503","","","","","","","","","",""
"18:23:58.169","ANA","1","-0.3","+0.1","+29.5","+0.0","+40.7215","+29.9373","+34.5","-31.1","+51.4","102184","102294","102239","0","0","0","0","0","0","0","0","0","0","-0.09","-9.77","+1.47","504","","","","","","","","","",""
"18:23:59.166","ANA","1","-0.4","-0.0","+29.5","+0.0","+40.7215","+29.9373","+33.6","-33.3","+50.1","102184","102297","102240","0","0","0","0","0","0","0","0","0","0","-0.30","-9.71","+0.97","505","","","","","","","","","",""
"18:24:00.163","ANA","1","-0.5","-0.0","+29.5","+0.0","+40.7215","+29.9373","+39.0","-29.2","+49.6","102185","102297","102241","0","0","0","0","0","0","0","0","0","0","+0.52","-9.22","+2.74","506","","","","","","","","","",""
"18:24:01.160","ANA","1","-0.6","-0.1","+29.5","+0.0","+40.7215","+29.9373","+33.1","-36.5","+47.8","102188","102299","102243","0","0","0","0","0","0","0","0","0","0","+0.14","-9.64","+0.64","507","","","","","","","","","",""
"18:24:02.157","ANA","1","-0.8","-0.1","+29.6","+0.0","+40.7215","+29.9373","+34.2","-38.3","+45.4","102189","102299","102244","0","0","0","0","0","0","0","0","0","0","+0.55","-9.80","+0.30","508","","","","","","","","","",""
"18:24:03.155","ANA","1","-0.8","-0.1","+29.6","+0.0","+40.7215","+29.9373","+34.7","-39.4","+48.7","102189","102300","102244","0","0","0","0","0","0","0","0","0","0","-0.13","-9.63","+0.67","509","","","","","","","","","",""
"18:24:04.152","ANA","1","-0.7","+0.0","+29.6","+0.0","+40.7215","+29.9373","+35.7","-39.8","+48.4","102188","102300","102244","0","0","0","0","0","0","0","0","0","0","+0.11","-9.77","+0.86","510","","","","","","","","","",""
"18:24:05.148","ANA","1","-0.7","+0.0","+29.6","+0.0","+40.7215","+29.9373","+36.0","-39.7","+47.1","102188","102301","102245","0","0","0","0","0","0","0","0","0","0","+0.34","-9.97","+0.49","511","","","","","","","","","",""
"18:24:06.144","ANA","1","-0.8","-0.0","+29.6","+0.0","+40.7215","+29.9373","+36.0","-39.7","+46.5","102189","102300","102245","0","0","0","0","0","0","0","0","0","0","+0.32","-9.89","+0.60","512","","","","","","","","","",""
"18:24:07.143","ANA","1","-0.8","+0.0","+29.6","+0.0","+40.7215","+29.9373","+34.4","-38.6","+50.4","102188","102299","102244","0","0","0","0","0","0","0","0","0","0","-0.36","-9.61","+0.69","513","","","","","","","","","",""
"18:24:08.139","ANA","1","-0.6","+0.1","+29.7","+0.0","+40.7215","+29.9373","+33.9","-35.7","+49.7","102185","102298","102242","0","0","0","0","0","0","0","0","0","0","-0.06","-9.72","+0.85","514","","","","","","","","","",""
"18:24:09.136","ANA","1","-0.3","+0.3","+29.7","+0.0","+40.7215","+29.9373","+35.1","-35.6","+48.9","102181","102294","102237","0","0","0","0","0","0","0","0","0","0","+0.14","-9.67","+0.89","515","","","","","","","","","",""
"18:24:10.134","ANA","1","-0.0","+0.3","+29.6","+0.0","+40.7215","+29.9373","+38.0","-38.4","+44.7","102178","102291","102234","0","0","0","0","0","0","0","0","0","0","+0.56","-9.69","+0.99","516","","","","","","","","","",""
"18:24:11.130","ANA","1","+0.1","+0.2","+29.6","+0.0","+40.7215","+29.9373","+39.5","-40.0","+45.7","102176","102290","102233","0","0","0","0","0","0","0","0","0","0","+0.55","-9.76","+1.07","517","","","","","","","","","",""
"18:24:12.127","ANA","1","+0.2","+0.1","+29.6","+0.0","+40.7215","+29.9373","+35.7","-28.8","+46.6","102177","102290","102233","0","0","0","0","0","0","0","0","0","0","+0.92","-9.68","+0.99","518","","","","","","","","","",""
"18:24:13.125","ANA","1","+0.0","-0.1","+29.6","+0.0","+40.7215","+29.9373","+33.8","-26.9","+45.8","102179","102292","102235","0","0","0","0","0","0","0","0","0","0","+0.94","-9.63","+1.14","519","","","","","","","","","",""
"18:24:14.124","ANA","1","+0.6","+0.3","+29.6","+0.0","+40.7215","+29.9373","+32.6","-24.5","+46.8","102163","102275","102219","0","0","0","0","0","0","0","0","0","0","+0.00","-10.01","+0.91","520","","","","","","","","","",""
"18:24:15.118","ANA","1","+1.7","+1.0","+29.5","+0.0","+40.7215","+29.9373","+38.8","-22.8","+50.8","102158","102272","102215","0","0","0","0","0","0","0","0","0","0","+0.27","-9.43","+1.39","521","","","","","","","","","",""
"18:24:16.116","ANA","1","+1.3","+0.0","+29.5","+0.0","+40.7215","+29.9373","+41.3","-21.7","+51.4","102168","102281","102225","0","0","0","0","0","0","0","0","0","0","+0.12","-9.46","+2.91","522","","","","","","","","","",""
"18:24:17.113","ANA","1","+0.6","-0.5","+29.5","+0.0","+40.7215","+29.9373","+39.0","-18.2","+50.7","102170","102286","102228","0","0","0","0","0","0","0","0","0","0","+0.18","-9.43","+2.26","523","","","","","","","","","",""
"18:24:18.110","ANA","1","+0.4","-0.5","+29.5","+0.0","+40.7215","+29.9373","+37.6","-16.7","+49.7","102173","102287","102230","0","0","0","0","0","0","0","0","0","0","+1.12","-9.72","+2.08","524","","","","","","","","","",""
"18:24:19.106","ANA","1","+0.0","-0.5","+29.5","+0.0","+40.7215","+29.9373","+40.0","-17.1","+49.1","102178","102292","102235","0","0","0","0","0","0","0","0","0","0","+1.17","-9.72","+2.58","525","","","","","","","","","",""
"18:24:20.104","ANA","1","-0.0","-0.2","+29.5","+0.0","+40.7215","+29.9373","+40.2","-14.8","+49.8","102177","102290","102234","0","0","0","0","0","0","0","0","0","0","+0.80","-9.30","+3.10","526","","","","","","","","","",""
"18:24:21.101","ANA","1","-0.0","-0.0","+29.5","+0.0","+40.7215","+29.9373","+43.4","-17.2","+50.1","102178","102292","102235","0","0","0","0","0","0","0","0","0","0","+0.87","-9.22","+3.65","527","","","","","","","","","",""
"18:24:22.097","ANA","1","-0.0","-0.0","+29.5","+0.0","+40.7215","+29.9373","+41.8","-16.9","+50.0","102180","102295","102237","0","0","0","0","0","0","0","0","0","0","+0.85","-9.35","+2.67","528","","","","","","","","","",""
"18:24:23.095","ANA","1","-0.0","+0.0","+29.6","+0.0","+40.7215","+29.9373","+42.2","-15.5","+49.5","102178","102292","102235","0","0","0","0","0","0","0","0","0","0","+1.09","-9.10","+3.18","529","","","","","","","","","",""
"18:24:24.092","ANA","1","-0.0","+0.0","+29.6","+0.0","+40.7215","+29.9373","+40.2","-13.0","+50.4","102179","102292","102235","0","0","0","0","0","0","0","0","0","0","+0.75","-9.36","+3.00","530","","","","","","","","","",""
"18:24:25.088","ANA","1","+0.0","+0.0","+29.6","+0.0","+40.7215","+29.9373","+43.2","-17.8","+51.3","102178","102289","102233","0","0","0","0","0","0","0","0","0","0","+0.25","-9.15","+3.25","531","","","","","","","","","",""
"18:24:26.086","ANA","1","-0.2","-0.1","+29.6","+0.0","+40.7215","+29.9373","+44.1","-18.5","+49.4","102186","102297","102241","0","0","0","0","0","0","0","0","0","0","+1.19","-9.52","+2.93","532","","","","","","","","","",""
"18:24:27.083","ANA","1","-0.7","-0.4","+29.5","+0.0","+40.7215","+29.9373","+44.0","-21.0","+49.1","102188","102297","102243","0","0","0","0","0","0","0","0","0","0","+0.98","-9.17","+3.27","533","","","","","","","","","",""
"18:24:28.079","ANA","1","-0.7","-0.2","+29.5","+0.0","+40.7215","+29.9373","+44.0","-20.5","+48.5","102189","102297","102243","0","0","0","0","0","0","0","0","0","0","+0.74","-9.15","+2.85","534","","","","","","","","","",""
"18:24:29.077","ANA","1","-0.8","-0.1","+29.4","+0.0","+40.7215","+29.9373","+44.9","-22.0","+48.4","102189","102296","102243","0","0","0","0","0","0","0","0","0","0","+1.08","-9.35","+3.26","535","","","","","","","","","",""
"18:24:30.076","ANA","1","-1.0","-0.1","+29.4","+0.0","+40.7215","+29.9373","+45.5","-23.6","+48.0","102195","102301","102248","0","0","0","0","0","0","0","0","0","0","+1.17","-9.09","+3.23","536","","","","","","","","","",""
"18:24:31.070","ANA","1","-1.1","-0.1","+29.3","+0.0","+40.7215","+29.9373","+46.0","-23.3","+46.7","102194","102298","102246","0","0","0","0","0","0","0","0","0","0","+1.38","-9.22","+2.99","537","","","","","","","","","",""
"18:24:32.069","ANA","1","-0.5","+0.4","+29.2","+0.0","+40.7215","+29.9373","+41.5","-21.9","+45.2","102183","102292","102238","0","0","0","0","0","0","0","0","0","0","+0.96","-10.86","+1.73","538","","","","","","","","","",""
"18:24:33.067","ANA","1","+0.1","+0.8","+29.2","+0.0","+40.7215","+29.9373","+43.2","-39.3","+40.5","102174","102286","102230","0","0","0","0","0","0","0","0","0","0","+2.68","-10.56","+0.44","539","","","","","","","","","",""
"18:24:34.062","ANA","1","+0.9","+0.9","+29.2","+0.0","+40.7215","+29.9373","+46.6","-39.9","+44.1","102167","102280","102224","0","0","0","0","0","0","0","0","0","0","+1.26","-9.27","+2.29","540","","","","","","","","","",""
"18:24:35.058","ANA","1","+1.0","+0.4","+29.2","+0.0","+40.7215","+29.9373","+44.3","-37.4","+45.2","102173","102284","102228","0","0","0","0","0","0","0","0","0","0","+0.76","-9.60","+1.45","541","","","","","","","","","",""
"18:24:36.056","ANA","1","-0.1","-0.8","+29.1","+0.0","+40.7215","+29.9373","+45.7","-39.1","+45.5","102190","102299","102244","0","0","0","0","0","0","0","0","0","0","+0.54","-9.43","+2.07","542","","","","","","","","","",""
"18:24:37.053","ANA","1","-1.3","-1.3","+29.1","+0.0","+40.7215","+29.9373","+48.6","-40.2","+45.4","102197","102303","102250","0","0","0","0","0","0","0","0","0","0","+0.94","-9.23","+2.39","543","","","","","","","","","",""
"18:24:38.050","ANA","1","-1.7","-0.8","+29.0","+0.0","+40.7215","+29.9373","+50.5","-42.7","+42.9","102201","102303","102252","0","0","0","0","0","0","0","0","0","0","+1.15","-9.31","+2.35","544","","","","","","","","","",""
"18:24:39.046","ANA","1","-1.5","-0.1","+29.0","+0.0","+40.7215","+29.9373","+56.2","-48.2","+36.3","102198","102300","102249","0","0","0","0","0","0","0","0","0","0","+2.96","-9.96","+1.61","545","","","","","","","","","",""
"18:24:40.043","ANA","1","-1.4","+0.1","+29.0","+0.0","+40.7215","+29.9373","+53.7","-46.6","+38.3","102200","102303","102251","0","0","0","0","0","0","0","0","0","0","+1.98","-8.98","+2.32","546","","","","","","","","","",""
"18:24:41.040","ANA","1","-1.6","-0.0","+28.9","+0.0","+40.7215","+29.9373","+56.6","-52.8","+40.5","102204","102305","102255","0","0","0","0","0","0","0","0","0","0","+1.65","-9.39","+2.15","547","","","","","","","","","",""
"18:24:42.038","ANA","1","-1.8","-0.0","+28.9","+0.0","+40.7215","+29.9373","+61.4","-61.4","+39.4","102206","102304","102255","0","0","0","0","0","0","0","0","0","0","+1.78","-9.57","+2.43","548","","","","","","","","","",""
"18:24:43.035","ANA","1","-1.8","-0.0","+28.9","+0.0","+40.7215","+29.9373","+65.6","-63.3","+39.2","102205","102304","102254","0","0","0","0","0","0","0","0","0","0","+1.50","-9.23","+3.06","549","","","","","","","","","",""
"18:24:44.032","ANA","1","-1.6","+0.1","+28.8","+0.0","+40.7215","+29.9373","+62.5","-54.7","+38.4","102202","102304","102253","0","0","0","0","0","0","0","0","0","0","+2.27","-9.27","+2.57","550","","","","","","","","","",""
"18:24:45.029","ANA","1","-1.6","+0.1","+28.8","+0.0","+40.7215","+29.9373","+55.5","-39.9","+39.4","102201","102304","102253","0","0","0","0","0","0","0","0","0","0","+2.00","-9.53","+2.29","551","","","","","","","","","",""
"18:24:46.026","ANA","1","-1.4","+0.1","+28.8","+0.0","+40.7215","+29.9373","+51.8","-35.9","+40.3","102198","102304","102251","0","0","0","0","0","0","0","0","0","0","+2.00","-9.10","+2.58","552","","","","","","","","","",""
"18:24:47.023","ANA","1","-1.2","+0.2","+28.8","+0.0","+40.7215","+29.9373","+51.6","-34.1","+41.6","102193","102302","102247","0","0","0","0","0","0","0","0","0","0","+2.00","-9.10","+2.83","553","","","","","","","","","",""
"18:24:48.020","ANA","1","-1.0","+0.2","+28.8","+0.0","+40.7215","+29.9373","+51.8","-35.1","+40.7","102193","102302","102248","0","0","0","0","0","0","0","0","0","0","+2.30","-9.47","+2.96","554","","","","","","","","","",""
"18:24:49.018","ANA","1","-0.9","+0.1","+28.8","+0.0","+40.7215","+29.9373","+47.3","-42.1","+48.5","102191","102299","102245","0","0","0","0","0","0","0","0","0","0","+0.70","-9.77","+2.14","555","","","","","","","","","",""
"18:24:50.015","ANA","1","-0.9","+0.0","+28.8","+0.0","+40.7215","+29.9373","+45.2","-42.5","+50.8","102192","102301","102246","0","0","0","0","0","0","0","0","0","0","+0.16","-8.35","+1.60","556","","","","","","","","","",""
"18:24:51.011","ANA","1","-1.0","-0.1","+28.8","+0.0","+40.7215","+29.9373","+50.9","-38.6","+50.8","102195","102301","102248","0","0","0","0","0","0","0","0","0","0","+0.27","-9.15","+3.51","557","","","","","","","","","",""
"18:24:52.008","ANA","1","-1.1","-0.1","+28.8","+0.0","+40.7215","+29.9373","+48.3","-34.5","+51.3","102193","102299","102246","0","0","0","0","0","0","0","0","0","0","+0.01","-9.51","+2.31","558","","","","","","","","","",""
"18:24:53.006","ANA","1","-0.9","+0.0","+28.8","+0.0","+40.7215","+29.9373","+45.3","-33.1","+51.6","102190","102298","102244","0","0","0","0","0","0","0","0","0","0","+0.28","-9.71","+2.54","559","","","","","","","","","",""
"18:24:54.002","ANA","1","-0.8","+0.1","+28.8","+0.0","+40.7215","+29.9373","+46.2","-33.2","+48.9","102191","102297","102244","0","0","0","0","0","0","0","0","0","0","+0.98","-9.56","+2.74","560","","","","","","","","","",""
"18:24:55.000","ANA","1","-0.8","+0.0","+28.8","+0.0","+40.7215","+29.9373","+44.3","-33.9","+48.2","102191","102297","102244","0","0","0","0","0","0","0","0","0","0","+0.69","-9.81","+2.44","561","","","","","","","","","",""
"18:24:55.998","ANA","1","-0.8","-0.0","+28.9","+0.0","+40.7215","+29.9373","+62.2","-13.3","+17.3","102190","102300","102245","0","0","0","0","0","0","0","0","0","0","+6.69","-5.94","+3.83","562","","","","","","","","","",""
"18:24:56.972","ANA","1","-1.0","-0.1","+28.9","+0.0","+40.7215","+29.9373","+65.2","-16.3","-8.3","102194","102304","102249","0","0","0","0","0","0","0","0","0","0","+9.31","-3.77","+2.32","563","","","","","","","","","",""
"18:24:58.012","ANA","1","-1.5","-0.4","+28.9","+0.0","+40.7215","+29.9373","+67.2","-11.4","-12.9","102200","102309","102254","0","0","0","0","0","0","0","0","0","0","+8.80","-2.99","+2.44","564","","","","","","","","","",""
"18:24:58.987","ANA","1","-1.9","-0.5","+28.9","+0.0","+40.7215","+29.9373","+65.3","-13.7","-7.3","102204","102312","102258","0","0","0","0","0","0","0","0","0","0","+8.23","-4.17","+2.42","565","","","","","","","","","",""
"18:25:00.028","ANA","1","-1.9","-0.1","+29.0","+0.0","+40.7215","+29.9373","+54.4","-42.5","+39.8","102200","102309","102254","0","0","0","0","0","0","0","0","0","0","+1.88","-9.01","+2.52","566","","","","","","","","","",""
"18:25:01.025","ANA","1","-1.5","+0.3","+29.0","+0.0","+40.7215","+29.9373","+52.9","-44.6","+42.8","102198","102308","102253","0","0","0","0","0","0","0","0","0","0","+1.73","-9.60","+2.16","567","","","","","","","","","",""
"18:25:02.022","ANA","1","-1.4","+0.2","+29.0","+0.0","+40.7215","+29.9373","+54.2","-46.7","+41.8","102197","102307","102252","0","0","0","0","0","0","0","0","0","0","+1.63","-9.34","+2.52","568","","","","","","","","","",""
"18:25:03.018","ANA","1","-1.2","+0.2","+29.0","+0.0","+40.7215","+29.9373","+42.0","-70.8","+58.0","102193","102304","102248","0","0","0","0","0","0","0","0","0","0","-3.23","-9.93","+0.94","569","","","","","","","","","",""
"18:25:04.016","ANA","1","-0.8","+0.4","+29.0","+0.0","+40.7215","+29.9373","+36.8","-83.1","+73.6","102188","102301","102245","0","0","0","0","0","0","0","0","0","0","-5.69","-8.18","+2.28","570","","","","","","","","","",""
"18:25:05.013","ANA","1","-0.7","+0.2","+28.9","+0.0","+40.7215","+29.9373","+48.5","-52.1","+46.8","102189","102301","102245","0","0","0","0","0","0","0","0","0","0","+0.11","-9.67","+1.84","571","","","","","","","","","",""
"18:25:06.009","ANA","1","-0.7","+0.0","+28.9","+0.0","+40.7215","+29.9373","+51.1","-50.4","+44.2","102188","102300","102244","0","0","0","0","0","0","0","0","0","0","+0.78","-9.32","+2.00","572","","","","","","","","","",""
"18:25:07.007","ANA","1","-0.9","-0.1","+28.9","+0.0","+40.7215","+29.9373","+51.4","-50.0","+43.1","102193","102302","102247","0","0","0","0","0","0","0","0","0","0","+1.03","-9.47","+1.88","573","","","","","","","","","",""
"18:25:08.003","ANA","1","-1.0","-0.1","+28.9","+0.0","+40.7215","+29.9373","+52.0","-50.7","+41.2","102192","102302","102247","0","0","0","0","0","0","0","0","0","0","+1.32","-9.69","+1.92","574","","","","","","","","","",""
"18:25:09.001","ANA","1","-1.0","-0.0","+28.9","+0.0","+40.7215","+29.9373","+53.1","-52.3","+39.8","102194","102300","102247","0","0","0","0","0","0","0","0","0","0","+1.30","-9.64","+1.79","575","","","","","","","","","",""
"18:25:09.998","ANA","1","-1.1","-0.1","+28.9","+0.0","+40.7215","+29.9373","+52.6","-52.0","+40.6","102196","102303","102250","0","0","0","0","0","0","0","0","0","0","+1.37","-9.40","+1.66","576","","","","","","","","","",""
"18:25:10.995","ANA","1","-1.4","-0.2","+28.9","+0.0","+40.7215","+29.9373","+54.0","-51.5","+40.7","102198","102303","102250","0","0","0","0","0","0","0","0","0","0","+1.95","-9.43","+2.06","577","","","","","","","","","",""
"18:25:11.993","ANA","1","-1.4","-0.0","+28.9","+0.0","+40.7215","+29.9373","+54.0","-54.6","+37.1","102198","102303","102251","0","0","0","0","0","0","0","0","0","0","+1.95","-9.51","+1.90","578","","","","","","","","","",""
"18:25:12.992","ANA","1","-1.2","+0.1","+28.9","+0.0","+40.7215","+29.9373","+48.3","-58.3","+44.0","102192","102300","102246","0","0","0","0","0","0","0","0","0","0","+0.03","-10.21","+1.04","579","","","","","","","","","",""
"18:25:13.987","ANA","1","-0.6","+0.5","+28.9","+0.0","+40.7215","+29.9373","+46.3","-55.8","+52.2","102186","102295","102241","0","0","0","0","0","0","0","0","0","0","-0.95","-9.55","+1.75","580","","","","","","","","","",""
"18:25:14.984","ANA","1","-0.3","+0.4","+28.9","+0.0","+40.7215","+29.9373","+48.3","-54.1","+50.2","102184","102295","102240","0","0","0","0","0","0","0","0","0","0","-0.35","-9.48","+1.94","581","","","","","","","","","",""
"18:25:15.981","ANA","1","-0.4","+0.1","+28.9","+0.0","+40.7215","+29.9373","+49.5","-54.1","+50.4","102187","102295","102241","0","0","0","0","0","0","0","0","0","0","-0.44","-9.69","+2.03","582","","","","","","","","","",""
"18:25:16.980","ANA","1","-0.6","-0.2","+28.9","+0.0","+40.7215","+29.9373","+51.0","-52.5","+50.1","102189","102297","102243","0","0","0","0","0","0","0","0","0","0","-0.10","-9.26","+2.67","583","","","","","","","","","",""
"18:25:17.976","ANA","1","-0.8","-0.2","+28.9","+0.0","+40.7215","+29.9373","+46.6","-55.1","+49.6","102188","102297","102243","0","0","0","0","0","0","0","0","0","0","-0.32","-9.68","+1.72","584","","","","","","","","","",""
"18:25:18.974","ANA","1","-0.7","-0.0","+28.9","+0.0","+40.7215","+29.9373","+46.6","-53.9","+49.2","102188","102296","102242","0","0","0","0","0","0","0","0","0","0","-0.41","-9.98","+1.09","585","","","","","","","","","",""
"18:25:19.969","ANA","1","-0.7","+0.0","+28.9","+0.0","+40.7215","+29.9373","+47.6","-55.1","+49.2","102187","102296","102242","0","0","0","0","0","0","0","0","0","0","+0.22","-9.86","+1.74","586","","","","","","","","","",""
"18:25:20.967","ANA","1","-0.7","-0.0","+28.9","+0.0","+40.7215","+29.9373","+49.4","-48.7","+50.9","102189","102298","102244","0","0","0","0","0","0","0","0","0","0","+0.11","-9.25","+2.52","587","","","","","","","","","",""
"18:25:21.964","ANA","1","-0.8","-0.0","+28.9","+0.0","+40.7215","+29.9373","+48.6","-52.0","+49.4","102191","102298","102245","0","0","0","0","0","0","0","0","0","0","+0.13","-9.21","+1.91","588","","","","","","","","","",""
"18:25:22.963","ANA","1","-0.9","-0.1","+28.9","+0.0","+40.7215","+29.9373","+49.8","-53.7","+43.9","102192","102297","102245","0","0","0","0","0","0","0","0","0","0","+0.33","-10.07","+1.88","589","","","","","","","","","",""
"18:25:23.958","ANA","1","-0.9","-0.0","+28.9","+0.0","+40.7215","+29.9373","+46.5","-52.3","+46.3","102192","102297","102244","0","0","0","0","0","0","0","0","0","0","+0.62","-9.77","+1.39","590","","","","","","","","","",""
"18:25:24.956","ANA","1","-0.8","+0.0","+28.9","+0.0","+40.7215","+29.9373","+45.1","-45.8","+51.7","102190","102297","102244","0","0","0","0","0","0","0","0","0","0","-0.50","-9.52","+2.29","591","","","","","","","","","",""
"18:25:25.953","ANA","1","-0.7","+0.1","+28.9","+0.0","+40.7215","+29.9373","+46.6","-37.5","+54.3","102186","102298","102242","0","0","0","0","0","0","0","0","0","0","-0.61","-9.35","+2.78","592","","","","","","","","","",""
"18:25:26.949","ANA","1","-0.6","+0.0","+29.0","+0.0","+40.7215","+29.9373","+48.4","-33.8","+54.9","102187","102298","102243","0","0","0","0","0","0","0","0","0","0","+0.00","-9.18","+3.61","593","","","","","","","","","",""
"18:25:27.946","ANA","1","-0.6","+0.0","+29.0","+0.0","+40.7215","+29.9373","+46.9","-34.9","+53.8","102187","102297","102242","0","0","0","0","0","0","0","0","0","0","-0.12","-9.53","+2.78","594","","","","","","","","","",""
"18:25:28.943","ANA","1","-0.6","+0.0","+29.0","+0.0","+40.7215","+29.9373","+49.9","-35.9","+53.1","102189","102298","102243","0","0","0","0","0","0","0","0","0","0","+0.21","-9.27","+3.16","595","","","","","","","","","",""
"18:25:29.940","ANA","1","-0.7","-0.1","+29.0","+0.0","+40.7215","+29.9373","+48.0","-37.9","+51.9","102189","102299","102244","0","0","0","0","0","0","0","0","0","0","+0.13","-9.39","+2.51","596","","","","","","","","","",""
"18:25:30.938","ANA","1","-0.7","-0.0","+29.0","+0.0","+40.7215","+29.9373","+46.3","-41.2","+50.6","102186","102299","102243","0","0","0","0","0","0","0","0","0","0","+0.13","-9.59","+2.41","597","","","","","","","","","",""
"18:25:31.934","ANA","1","-0.7","-0.0","+29.0","+0.0","+40.7215","+29.9373","+44.5","-43.8","+49.1","102188","102299","102244","0","0","0","0","0","0","0","0","0","0","+0.04","-9.98","+1.91","598","","","","","","","","","",""
"18:25:32.934","ANA","1","-0.8","-0.1","+29.1","+0.0","+40.7215","+29.9373","+46.0","-41.5","+48.5","102190","102299","102245","0","0","0","0","0","0","0","0","0","0","-0.20","-10.01","+1.91","599","","","","","","","","","",""
"18:25:33.929","ANA","1","-0.8","-0.0","+29.1","+0.0","+40.7215","+29.9373","+46.6","-41.1","+48.1","102190","102301","102245","0","0","0","0","0","0","0","0","0","0","+0.52","-9.68","+2.25","600","","","","","","","","","",""
"18:25:34.926","ANA","1","-0.9","-0.0","+29.1","+0.0","+40.7215","+29.9373","+47.0","-40.9","+48.2","102191","102300","102246","0","0","0","0","0","0","0","0","0","0","+0.57","-9.68","+2.09","601","","","","","","","","","",""
"18:25:35.922","ANA","1","-0.8","+0.0","+29.1","+0.0","+40.7215","+29.9373","+47.3","-40.8","+47.4","102189","102299","102244","0","0","0","0","0","0","0","0","0","0","+0.65","-9.61","+2.21","602","","","","","","","","","",""
"18:25:36.920","ANA","1","-0.8","+0.0","+29.2","+0.0","+40.7215","+29.9373","+48.0","-41.3","+46.9","102193","102298","102245","0","0","0","0","0","0","0","0","0","0","+0.66","-9.53","+2.26","603","","","","","","","","","",""
"18:25:37.917","ANA","1","-0.9","-0.0","+29.2","+0.0","+40.7215","+29.9373","+47.3","-40.7","+46.7","102192","102298","102245","0","0","0","0","0","0","0","0","0","0","+0.62","-9.55","+1.90","604","","","","","","","","","",""
"18:25:38.914","ANA","1","-0.9","+0.0","+29.2","+0.0","+40.7215","+29.9373","+57.7","-55.9","+43.6","102193","102297","102245","0","0","0","0","0","0","0","0","0","0","+1.03","-9.81","+2.23","605","","","","","","","","","",""
"18:25:39.910","ANA","1","-0.9","-0.0","+29.3","+0.0","+40.7215","+29.9373","+56.1","-55.1","+42.9","102193","102298","102245","0","0","0","0","0","0","0","0","0","0","+1.00","-9.76","+1.51","606","","","","","","","","","",""
"18:25:40.907","ANA","1","-1.1","-0.1","+29.3","+0.0","+40.7215","+29.9373","+54.8","-53.5","+41.1","102195","102298","102247","0","0","0","0","0","0","0","0","0","0","+1.26","-9.32","+2.17","607","","","","","","","","","",""
"18:25:41.904","ANA","1","-1.1","-0.1","+29.3","+0.0","+40.7215","+29.9373","+54.6","-51.5","+39.4","102195","102301","102248","0","0","0","0","0","0","0","0","0","0","+1.75","-9.65","+1.67","608","","","","","","","","","",""
"18:25:42.902","ANA","1","-1.3","-0.1","+29.3","+0.0","+40.7215","+29.9373","+53.4","-52.4","+39.2","102199","102304","102251","0","0","0","0","0","0","0","0","0","0","+1.75","-9.61","+1.92","609","","","","","","","","","",""
"18:25:43.898","ANA","1","-1.5","-0.2","+29.2","+0.0","+40.7215","+29.9373","+54.3","-49.8","+39.9","102200","102305","102252","0","0","0","0","0","0","0","0","0","0","+1.64","-9.53","+1.80","610","","","","","","","","","",""
"18:25:44.896","ANA","1","-1.5","-0.0","+29.2","+0.0","+40.7215","+29.9373","+55.6","-45.5","+40.7","102198","102303","102251","0","0","0","0","0","0","0","0","0","0","+1.78","-9.22","+2.57","611","","","","","","","","","",""
"18:25:45.893","ANA","1","-1.3","+0.1","+29.2","+0.0","+40.7215","+29.9373","+52.9","-46.7","+39.9","102197","102303","102250","0","0","0","0","0","0","0","0","0","0","+1.76","-9.38","+2.16","612","","","","","","","","","",""
"18:25:46.892","ANA","1","-1.3","+0.1","+29.2","+0.0","+40.7215","+29.9373","+48.7","-45.8","+39.3","102196","102305","102250","0","0","0","0","0","0","0","0","0","0","+1.67","-10.10","+1.55","613","","","","","","","","","",""
"18:25:47.887","ANA","1","-1.2","+0.0","+29.2","+0.0","+40.7215","+29.9373","+45.7","-46.6","+39.2","102195","102305","102250","0","0","0","0","0","0","0","0","0","0","+1.21","-9.60","+0.89","614","","","","","","","","","",""
"18:25:48.884","ANA","1","-1.2","+0.0","+29.2","+0.0","+40.7215","+29.9373","+43.1","-47.0","+42.4","102195","102305","102250","0","0","0","0","0","0","0","0","0","0","+0.49","-9.46","+0.49","615","","","","","","","","","",""
"18:25:49.882","ANA","1","-1.4","-0.1","+29.2","+0.0","+40.7215","+29.9373","+51.2","-45.0","+43.1","102200","102306","102253","0","0","0","0","0","0","0","0","0","0","+1.13","-9.72","+2.26","616","","","","","","","","","",""
"18:25:50.878","ANA","1","-1.6","-0.1","+29.2","+0.0","+40.7215","+29.9373","+49.6","-43.2","+43.1","102201","102305","102253","0","0","0","0","0","0","0","0","0","0","+1.24","-9.68","+1.76","617","","","","","","","","","",""
"18:25:51.876","ANA","1","-1.5","-0.0","+29.2","+0.0","+40.7215","+29.9373","+51.7","-41.5","+43.2","102197","102304","102251","0","0","0","0","0","0","0","0","0","0","+1.32","-8.97","+2.91","618","","","","","","","","","",""
"18:25:52.872","ANA","1","-1.4","+0.0","+29.2","+0.0","+40.7215","+29.9373","+47.3","-41.9","+43.2","102198","102303","102250","0","0","0","0","0","0","0","0","0","0","+1.47","-9.56","+2.15","619","","","","","","","","","",""
"18:25:53.871","ANA","1","-1.3","+0.1","+29.2","+0.0","+40.7215","+29.9373","+48.9","-34.7","+42.7","102195","102302","102249","0","0","0","0","0","0","0","0","0","0","+1.22","-10.10","+2.28","620","","","","","","","","","",""
"18:25:54.867","ANA","1","-1.1","+0.1","+29.3","+0.0","+40.7215","+29.9373","+48.8","-34.2","+44.6","102194","102302","102248","0","0","0","0","0","0","0","0","0","0","+0.95","-9.10","+2.56","621","","","","","","","","","",""
"18:25:55.862","ANA","1","-1.0","+0.2","+29.3","+0.0","+40.7215","+29.9373","+45.1","-19.2","+46.0","102193","102300","102247","0","0","0","0","0","0","0","0","0","0","+1.62","-9.14","+3.36","622","","","","","","","","","",""
"18:25:56.860","ANA","1","-1.0","+0.0","+29.3","+0.0","+40.7215","+29.9373","+45.3","-22.5","+46.1","102194","102302","102248","0","0","0","0","0","0","0","0","0","0","+1.59","-9.34","+2.77","623","","","","","","","","","",""
"18:25:57.857","ANA","1","-1.1","-0.0","+29.3","+0.0","+40.7215","+29.9373","+44.6","-30.1","+49.0","102194","102302","102248","0","0","0","0","0","0","0","0","0","0","+0.76","-9.44","+2.80","624","","","","","","","","","",""
"18:25:58.854","ANA","1","-1.1","-0.0","+29.3","+0.0","+40.7215","+29.9373","+43.6","-30.4","+47.6","102192","102302","102247","0","0","0","0","0","0","0","0","0","0","+0.66","-9.47","+2.03","625","","","","","","","","","",""
"18:25:59.851","ANA","1","-0.7","+0.2","+29.3","+0.0","+40.7215","+29.9373","+44.8","-28.2","+45.9","102184","102296","102240","0","0","0","0","0","0","0","0","0","0","+0.93","-9.81","+1.82","626","","","","","","","","","",""
"18:26:00.824","ANA","1","-0.3","+0.4","+29.3","+0.0","+40.7215","+29.9373","+77.9","-3.0","-4.6","102185","102294","102239","0","0","0","0","0","0","0","0","0","0","+7.86","-2.43","+4.21","627","","","","","","","","","",""
"18:26:01.841","ANA","1","-0.3","+0.1","+29.4","+0.0","+40.7215","+29.9373","+81.5","-1.5","-6.6","102186","102294","102240","0","0","0","0","0","0","0","0","0","0","+8.06","-1.80","+4.53","628","","","","","","","","","",""
"18:26:02.883","ANA","1","-0.4","-0.0","+29.4","+0.0","+40.7215","+29.9373","+66.3","-35.1","+32.2","102186","102294","102240","0","0","0","0","0","0","0","0","0","0","+3.07","-7.90","+3.42","629","","","","","","","","","",""
"18:26:03.880","ANA","1","-0.5","-0.1","+29.5","+0.0","+40.7215","+29.9373","+50.7","-52.5","+47.7","102186","102293","102239","0","0","0","0","0","0","0","0","0","0","+0.18","-9.80","+1.65","630","","","","","","","","","",""
"18:26:06.870","ANA","1","-0.9","-0.1","+29.4","+0.0","+40.7215","+29.9373","+50.6","-66.5","+58.2","102190","102298","102244","0","0","0","0","0","0","0","0","0","0","-1.58","-9.36","+2.71","633","","","","","","","","","",""
"18:26:07.868","ANA","1","-0.9","-0.0","+29.4","+0.0","+40.7215","+29.9373","+49.5","-53.2","+44.8","102194","102300","102247","0","0","0","0","0","0","0","0","0","0","+0.58","-9.68","+1.75","634","","","","","","","","","",""
"18:26:08.866","ANA","1","-1.3","-0.2","+29.4","+0.0","+40.7215","+29.9373","+49.6","-54.1","+44.0","102199","102303","102251","0","0","0","0","0","0","0","0","0","0","+0.52","-9.67","+1.39","635","","","","","","","","","",""
"18:26:09.862","ANA","1","-1.5","-0.2","+29.3","+0.0","+40.7215","+29.9373","+49.3","-53.2","+42.7","102200","102302","102251","0","0","0","0","0","0","0","0","0","0","+0.68","-9.89","+1.32","636","","","","","","","","","",""
"18:26:10.858","ANA","1","-1.3","+0.0","+29.3","+0.0","+40.7215","+29.9373","+50.1","-52.9","+43.6","102197","102302","102249","0","0","0","0","0","0","0","0","0","0","+0.61","-9.47","+1.66","637","","","","","","","","","",""
"18:26:11.856","ANA","1","-1.2","+0.1","+29.3","+0.0","+40.7215","+29.9373","+52.9","-52.3","+42.1","102195","102301","102248","0","0","0","0","0","0","0","0","0","0","+1.00","-9.77","+1.70","638","","","","","","","","","",""
"18:26:12.852","ANA","1","-1.1","+0.1","+29.3","+0.0","+40.7215","+29.9373","+53.3","-52.8","+41.8","102195","102302","102249","0","0","0","0","0","0","0","0","0","0","+1.13","-9.47","+1.89","639","","","","","","","","","",""
"18:26:13.850","ANA","1","-1.2","-0.0","+29.3","+0.0","+40.7215","+29.9373","+63.7","-68.5","+35.3","102196","102302","102249","0","0","0","0","0","0","0","0","0","0","+3.05","-8.88","+2.26","640","","","","","","","","","",""
"18:26:14.848","ANA","1","-0.8","+0.2","+29.2","+0.0","+40.7215","+29.9373","+64.0","-64.3","+33.9","102188","102297","102242","0","0","0","0","0","0","0","0","0","0","+2.01","-9.26","+1.53","641","","","","","","","","","",""
"18:26:15.844","ANA","1","-0.6","+0.3","+29.2","+0.0","+40.7215","+29.9373","+62.7","-65.7","+29.5","102189","102295","102242","0","0","0","0","0","0","0","0","0","0","+2.27","-9.43","+0.94","642","","","","","","","","","",""
"18:26:16.841","ANA","1","-0.7","+0.0","+29.1","+0.0","+40.7215","+29.9373","+64.4","-63.6","+29.3","102192","102296","102244","0","0","0","0","0","0","0","0","0","0","+2.69","-9.25","+1.10","643","","","","","","","","","",""
"18:26:17.839","ANA","1","-0.9","-0.1","+29.1","+0.0","+40.7215","+29.9373","+70.1","-70.5","+24.4","102192","102297","102244","0","0","0","0","0","0","0","0","0","0","+3.23","-8.85","+1.50","644","","","","","","","","","",""
"18:26:18.835","ANA","1","-0.7","+0.0","+29.1","+0.0","+40.7215","+29.9373","+67.3","-69.5","+27.8","102187","102290","102238","0","0","0","0","0","0","0","0","0","0","+2.46","-9.26","+1.54","645","","","","","","","","","",""
"18:26:19.833","ANA","1","-0.6","+0.1","+29.1","+0.0","+40.7215","+29.9373","+68.3","-68.5","+27.2","102191","102296","102243","0","0","0","0","0","0","0","0","0","0","+3.32","-9.43","+1.19","646","","","","","","","","","",""
"18:26:20.829","ANA","1","-0.8","-0.1","+29.1","+0.0","+40.7215","+29.9373","+67.0","-60.6","+32.1","102191","102297","102244","0","0","0","0","0","0","0","0","0","0","+3.15","-9.07","+2.48","647","","","","","","","","","",""
"18:26:21.827","ANA","1","-1.0","-0.2","+29.1","+0.0","+40.7215","+29.9373","+60.6","-64.6","+32.7","102194","102300","102247","0","0","0","0","0","0","0","0","0","0","+1.95","-9.43","+1.39","648","","","","","","","","","",""
"18:26:22.823","ANA","1","-1.1","-0.2","+29.1","+0.0","+40.7215","+29.9373","+56.5","-66.2","+37.2","102195","102300","102247","0","0","0","0","0","0","0","0","0","0","+1.35","-9.75","+1.28","649","","","","","","","","","",""
"18:26:23.822","ANA","1","-1.2","-0.1","+29.1","+0.0","+40.7215","+29.9373","+49.0","-63.1","+39.2","102193","102301","102247","0","0","0","0","0","0","0","0","0","0","+0.75","-10.65","+0.48","650","","","","","","","","","",""
"18:26:24.818","ANA","1","-1.1","+0.0","+29.1","+0.0","+40.7215","+29.9373","+65.7","-60.5","+40.7","102193","102302","102248","0","0","0","0","0","0","0","0","0","0","+1.61","-9.23","+2.27","651","","","","","","","","","",""
"18:26:25.815","ANA","1","-1.1","+0.0","+29.1","+0.0","+40.7215","+29.9373","+62.2","-59.9","+42.2","102193","102304","102248","0","0","0","0","0","0","0","0","0","0","+1.26","-9.18","+2.79","652","","","","","","","","","",""
"18:26:26.812","ANA","1","-1.1","+0.0","+29.1","+0.0","+40.7215","+29.9373","+60.2","-67.0","+41.1","102197","102304","102250","0","0","0","0","0","0","0","0","0","0","+0.96","-9.71","+2.22","653","","","","","","","","","",""
"18:26:27.808","ANA","1","-1.3","-0.0","+29.1","+0.0","+40.7215","+29.9373","+58.9","-64.8","+44.9","102198","102299","102249","0","0","0","0","0","0","0","0","0","0","+0.07","-9.25","+2.77","654","","","","","","","","","",""
"18:26:28.806","ANA","1","-1.2","+0.0","+29.0","+0.0","+40.7215","+29.9373","+59.0","-66.0","+45.7","102197","102297","102247","0","0","0","0","0","0","0","0","0","0","-0.01","-9.60","+2.33","655","","","","","","","","","",""
"18:26:29.804","ANA","1","-0.8","+0.3","+29.0","+0.0","+40.7215","+29.9373","+58.6","-63.0","+47.0","102188","102293","102241","0","0","0","0","0","0","0","0","0","0","+0.16","-9.10","+2.39","656","","","","","","","","","",""
"18:26:30.801","ANA","1","-0.6","+0.2","+28.9","+0.0","+40.7215","+29.9373","+61.0","-58.2","+46.2","102190","102294","102242","0","0","0","0","0","0","0","0","0","0","+1.02","-9.32","+3.04","657","","","","","","","","","",""
"18:26:31.798","ANA","1","-0.5","+0.2","+28.9","+0.0","+40.7215","+29.9373","+62.8","-55.9","+46.5","102186","102292","102239","0","0","0","0","0","0","0","0","0","0","+0.69","-8.88","+3.64","658","","","","","","","","","",""
"18:26:32.795","ANA","1","-0.2","+0.2","+28.9","+0.0","+40.7215","+29.9373","+60.8","-56.9","+46.0","102184","102290","102237","0","0","0","0","0","0","0","0","0","0","+0.69","-9.28","+3.00","659","","","","","","","","","",""
"18:26:33.792","ANA","1","-0.3","-0.0","+28.9","+0.0","+40.7215","+29.9373","+60.5","-56.4","+46.3","102186","102292","102239","0","0","0","0","0","0","0","0","0","0","+0.68","-9.26","+2.93","660","","","","","","","","","",""
"18:26:34.789","ANA","1","-0.6","-0.3","+28.9","+0.0","+40.7215","+29.9373","+60.5","-55.8","+45.3","102191","102297","102244","0","0","0","0","0","0","0","0","0","0","+0.94","-9.28","+3.01","661","","","","","","","","","",""
"18:26:35.786","ANA","1","-1.1","-0.5","+28.9","+0.0","+40.7215","+29.9373","+53.5","-49.1","+43.3","102195","102300","102248","0","0","0","0","0","0","0","0","0","0","+0.74","-9.63","+2.22","662","","","","","","","","","",""
"18:26:36.784","ANA","1","-1.5","-0.5","+28.8","+0.0","+40.7215","+29.9373","+66.3","-21.8","+35.9","102202","102304","102253","0","0","0","0","0","0","0","0","0","0","+1.47","-8.85","+6.86","663","","","","","","","","","",""
"18:26:37.759","ANA","1","-1.8","-0.4","+28.8","+0.0","+40.7215","+29.9373","+37.4","+14.3","+1.5","102203","102310","102256","0","0","0","0","0","0","0","0","0","0","+6.40","-4.82","+2.98","664","","","","","","","","","",""
"18:26:39.815","ANA","1","-2.1","-0.0","+28.9","+0.0","+40.7215","+29.9373","+64.0","+22.1","+15.5","102205","102315","102260","0","0","0","0","0","0","0","0","0","0","+6.23","-4.09","+6.21","666","","","","","","","","","",""
"18:26:40.790","ANA","1","-2.1","+0.0","+28.9","+0.0","+40.7215","+29.9373","+85.2","+6.6","+22.0","102204","102316","102260","0","0","0","0","0","0","0","0","0","0","+5.05","-2.60","+7.77","667","","","","","","","","","",""
"18:26:41.807","ANA","1","-2.1","+0.0","+28.9","+0.0","+40.7215","+29.9373","+36.0","+44.3","+5.6","102209","102315","102262","0","0","0","0","0","0","0","0","0","0","+5.57","-1.60","+7.88","668","","","","","","","","","",""
